index,A,B,C,D,E
1476,0.00021428571428571427,0.0662989074417333,0.9083171843548536,0.025169622489127345,0.0
781,0.004285714285714286,0.10160619803476947,0.27978432282003707,0.43668042133471235,0.1776433435247669
2374,0.0,0.006944639924935492,0.12222007675163495,0.7728043236688418,0.09803095965458766
270,0.2688053771162823,0.7037262659073175,0.02328468350701273,0.004183673469387756,0.0
9,0.013535321821036107,0.2896518039403456,0.6019123588384321,0.08918622968590059,0.005714285714285714
2535,0.0,0.0,0.00689079281877134,0.7598669381133935,0.23324226906783488
424,0.6863564233385661,0.28833745421245416,0.01816326530612245,0.007142857142857143,0.0
1110,0.23371126616222762,0.758824053814953,0.0074646800228195575,0.0,0.0
2515,0.06061556949342571,0.863210563466198,0.07113472809712759,0.0050391389432485325,0.0
2274,0.8056305196062165,0.18865519467949785,0.004285714285714286,0.0014285714285714286,0.0
2398,0.9565714285714286,0.026285714285714284,0.017142857142857144,0.0,0.0
406,0.0,0.0,0.007207792207792207,0.0852913961038961,0.9075008116883116
606,0.005098522167487685,0.06474453465441585,0.4986320350398689,0.3953340981272207,0.03619081001100705
2613,0.0,0.0014285714285714286,0.0,0.5594202974928427,0.4391511310785858
705,0.0,0.0,0.01247247990105133,0.4126727329619996,0.5748547871369489
1087,0.002481518384744191,0.06731070860716395,0.6958303447911213,0.22243695202649422,0.011940476190476192
614,0.0,0.0,0.002857142857142857,0.04428571428571428,0.9528571428571428
1324,0.0014285714285714286,0.06412008281573499,0.12437441770361023,0.6301170228778924,0.1799599051741909
1431,0.0,0.0014285714285714286,0.01758143895768495,0.9398782566184724,0.04111173299527147
863,0.11688491228941994,0.8609925139042087,0.019265430949228855,0.002857142857142857,0.0
122,0.0014285714285714286,0.10836053060324159,0.377742822962762,0.39871662080055476,0.11375145420487036
1033,0.0014285714285714286,0.09445289206917112,0.1642100528536146,0.6234109121977128,0.11649757145092997
1968,0.0,0.0,0.0073098901098901095,0.3232431431097986,0.6694469667803116
2443,0.34600751622306763,0.6276035094898316,0.023531831429957892,0.002857142857142857,0.0
1765,0.7922320215776454,0.2062203593747355,0.0015476190476190475,0.0,0.0
1308,0.0,0.07614285714285714,0.08923015873015873,0.5971364649402462,0.23749051918673794
2018,0.0,0.021095238095238094,0.05664743589743589,0.33226117139655836,0.5899961546107677
2323,0.00010582010582010581,0.04002512158392283,0.5150516470568112,0.4248195295335904,0.019997881719855663
467,0.0014285714285714286,0.11679328740466305,0.800000146097156,0.07892085221246702,0.002857142857142857
140,0.0,0.0,0.008073876472363161,0.850041180448178,0.1418849430794584
2098,0.04092703391886627,0.9583988782641888,0.0006740878169449598,0.0,0.0
28,0.02129448145938282,0.566723355306969,0.37405302687074166,0.03505457190297609,0.0028745644599303135
242,0.002857142857142857,0.041109890109890114,0.25300635166924107,0.5268399385839717,0.17618667677975428
2786,0.0,0.0014285714285714286,0.034220852575367854,0.7385024681934309,0.2258481078026301
1794,0.0015535906783648893,0.4571157287257438,0.5042859013204564,0.037044779275434946,0.0
1273,0.0,0.005714285714285714,0.01774146934754977,0.712582515387966,0.26396172955019875
856,0.0,0.007142857142857143,0.024156177156177155,0.7885581198598667,0.1801428458410988
1926,0.0,0.0,0.002812290992766179,0.8674919093710075,0.1296957996362264
2346,0.0,0.015049261083743843,0.29414815904623337,0.656638867067749,0.034163712802273836
2834,0.0,0.023734827264239027,0.05905458639905692,0.6213550200636294,0.2958555662730747
2472,0.0,0.007142857142857143,0.06482174688057041,0.61704771825118,0.3109876777253924
1199,0.4498160844323635,0.3625300694137903,0.1143021978021978,0.06478021978021978,0.008571428571428572
587,0.0,0.046572861915872316,0.5616300634426928,0.359000510611512,0.03279656402992317
1448,0.0,0.006490683229813665,0.12338444591777811,0.7082136100696629,0.16191126078274518
2446,0.8471598639455783,0.14712585034013606,0.002857142857142857,0.002857142857142857,0.0
2879,0.0,0.0014285714285714286,0.0029004329004329,0.045168712956578705,0.9505022827144171
1567,0.0,0.05312812739666961,0.4412038894108228,0.468018028839137,0.037649954353370506
1234,0.0,0.0,0.006630121557997316,0.8532482354267931,0.1401216430152094
1685,0.9162244897959184,0.08234693877551019,0.0014285714285714286,0.0,0.0
1896,0.013333333333333332,0.2131056667924407,0.32172652210742203,0.41863434025416635,0.03320013751263751
1778,0.15785107434008583,0.767435889738018,0.06899875020761043,0.004285714285714286,0.0014285714285714286
2038,0.0,0.002857142857142857,0.01749350649350649,0.26659823300849145,0.7130511176408589
2670,0.0014285714285714286,0.005714285714285714,0.008571428571428572,0.14371636470812724,0.840569349577587
1350,0.0014285714285714286,0.002857142857142857,0.01604987513009338,0.45035774425932273,0.5293066663248698
1440,0.04167102580066376,0.8350476402416684,0.12005077969608924,0.0031859114044357185,4.464285714285714e-05
2369,0.0,0.0,0.004360902255639098,0.05455810091020426,0.941080996834157
161,0.0014285714285714286,0.0,0.01130218786079025,0.6235794364796907,0.3636898042309478
24,0.0,0.013469387755102041,0.22921366906447624,0.693730118760316,0.06358682442010585
1548,0.0,0.002857142857142857,0.007142857142857143,0.2739497256605375,0.7160502743394624
2636,0.0,0.002857142857142857,0.037571428571428575,0.32729140429064946,0.6322800242807791
1236,0.0,0.007904761904761904,0.10572009841447967,0.7872130856859005,0.09916205399485808
1583,0.0897668515177811,0.6750877120619142,0.22936721918868216,0.00577821723162245,0.0
2291,0.0,0.020634920634920634,0.31426102900364417,0.6313000983490308,0.03380395201240442
2132,0.028783895772302358,0.7303639300137604,0.2363368302537821,0.004453279500224781,6.206445993031358e-05
746,0.0,0.005714285714285714,0.03,0.44638274723969656,0.5179029670460178
1090,0.007231578204404291,0.817895043130764,0.1701981373665928,0.0032466698696675816,0.0014285714285714286
2511,0.0,0.026826207638704337,0.4589976741039342,0.5127475468287901,0.0014285714285714286
1174,0.008934373749499798,0.6381215725360476,0.28156812691352606,0.05966164108664061,0.011714285714285714
502,0.07685642624964044,0.8911143991533341,0.031964239532089676,6.493506493506494e-05,0.0
1801,0.02921368852876645,0.6965642026046749,0.26537775758867777,0.007415779849309794,0.0014285714285714286
375,0.007222222222222222,0.1943266383566462,0.5946856704453003,0.1859772916359301,0.017788177339901477
709,0.0,0.0,0.0,0.06482869101706697,0.9351713089829332
323,0.021906307977736548,0.3000658371873087,0.5467286582789409,0.11687062512744226,0.014428571428571428
2295,0.0,0.04550011315193729,0.3761739491933073,0.5022942641157747,0.07603167353898081
2454,0.10286305638511652,0.8617269644581571,0.03398140772815504,0.0014285714285714286,0.0
1631,0.008571428571428572,0.03779605477725962,0.4109063305885571,0.47701190034846896,0.06571428571428571
632,0.011428571428571429,0.08719472162329304,0.448368578118578,0.33242468267468267,0.12058344615487472
1607,0.002857142857142857,0.11752463615655778,0.375632342348215,0.44934702542780247,0.05463885321028179
1612,0.0014285714285714286,0.05163068548529579,0.5380993799679369,0.2871400387197946,0.12170132439840117
529,0.05525581925705074,0.8121831410709847,0.1222634206243455,0.010297619047619047,0.0
592,0.007073089469706011,0.503301196344946,0.4643709836396159,0.023826159117160663,0.0014285714285714286
1423,0.001591117216117216,0.07066899264784857,0.7699103323634676,0.1549724149154239,0.002857142857142857
2099,0.6543373349339736,0.334234093637455,0.01,0.0014285714285714286,0.0
1863,0.0014285714285714286,0.02440291906236178,0.18734149806938377,0.6582105764115189,0.12861643502816408
144,0.0,0.0015714285714285715,0.11638978007110296,0.8205906977367579,0.06144809362071096
589,0.0980946893909079,0.589883819185205,0.18382568722808298,0.12391008991008991,0.004285714285714286
673,0.014285714285714285,0.29241679629893913,0.3816604530317689,0.27066022747819746,0.04097680890538033
2353,0.2031565316874997,0.7391485733566562,0.04761970698591943,0.010075187969924812,0.0
789,0.0,0.0,0.007670516555867284,0.5914560794043079,0.4008734040398246
2164,0.0014746543778801843,0.1126584192465799,0.82424810038528,0.061618825990260036,0.0
531,0.024749070063974064,0.884609101694645,0.08917411786956067,0.001467710371819961,0.0
1879,0.0,0.014525474525474523,0.09845352266780838,0.2478148581110766,0.6392061446956404
2724,0.0,0.08345299938157082,0.2675259510389886,0.5640718936378409,0.0849491559415996
2812,0.010845564960491908,0.44783416269449666,0.5335763143528097,0.007726536389414552,1.7421602787456446e-05
484,0.2526721986064395,0.7135612936835593,0.030848653206780766,0.0029004329004329,1.7421602787456446e-05
2420,0.011281774732727828,0.4618678894767137,0.5173021318951173,0.008119632466869581,0.0014285714285714286
157,0.0,0.03150246305418719,0.18807149064276424,0.5760561472634219,0.2043698990396267
1453,0.1474710395745976,0.830927232344049,0.021562589138105086,3.913894324853229e-05,0.0
1315,0.0014285714285714286,0.06317687074829932,0.24757668521954238,0.5318906330402734,0.15592723956331345
1224,0.0,0.002857142857142857,0.019198807120102045,0.7042765070285679,0.27366754299418705
1141,0.04210241678694122,0.598267318897414,0.30063233863021915,0.05328363997113998,0.005714285714285714
591,0.278040012744915,0.6850603945536262,0.03689959270145872,0.0,0.0
1921,0.0,0.0,0.006450886761271646,0.8422336525540289,0.1513154606846993
2586,0.0,0.0014285714285714286,0.07470594267059365,0.5829453454055269,0.3409201404953079
1185,0.010870588235294118,0.22133180192613838,0.5213995018771885,0.2039354146612474,0.04246269330013173
902,0.0,0.019126984126984128,0.07474468085106384,0.623425588968921,0.28270274605303103
128,0.0014285714285714286,0.07621287029400621,0.29599044634333355,0.5162577828392975,0.1101103290947913
191,0.0,0.011428571428571429,0.07793735929379726,0.7089954751832507,0.20163859409438076
449,0.6561257865866101,0.338159927699104,0.002857142857142857,0.0014285714285714286,0.0014285714285714286
2388,0.6032419345849659,0.37961520827217693,0.011428571428571429,0.004285714285714286,0.0014285714285714286
1956,0.0014285714285714286,0.02180952380952381,0.040732627022100704,0.5429547935366734,0.3930744842031304
95,0.0014285714285714286,0.005848922902494331,0.17909024399233375,0.8107751188194577,0.002857142857142857
1684,0.9830127758420439,0.016987224157955866,0.0,0.0,0.0
1881,0.0,0.0,0.01996466817690122,0.7588866616849673,0.2211486701381315
849,0.0036304598345023374,0.3228862598098903,0.6587458068398147,0.013291480484434372,0.0014459930313588851
2521,0.009049101691958834,0.5485442388656586,0.3801866416418002,0.053434303514868296,0.008785714285714286
2037,0.0,0.004047619047619048,0.06201281278061464,0.4743176218775367,0.45962194629422964
1298,0.0,0.0014285714285714286,0.004285714285714286,0.12382474119869079,0.8704609730870233
1208,0.0,0.0650971717170179,0.45828118180340993,0.4207341731622636,0.055887473317308686
2790,0.008167974882260596,0.527295268029989,0.4477635258860229,0.013898666741797235,0.0028745644599303135
2723,0.002857142857142857,0.005714285714285714,0.026046043417366948,0.4290162938215925,0.5363662341896119
1410,0.008571428571428572,0.09719655741084314,0.23847535465051498,0.6141553598575772,0.04160129950963608
1846,0.0,0.01607470610097708,0.9289925688566453,0.05064701075666324,0.004285714285714286
1034,0.0,0.004327731092436974,0.17648693825999356,0.7601769610994416,0.05900836954812797
2765,0.0014285714285714286,0.03912698412698413,0.26524581454814855,0.6248802159186064,0.06931841397768959
967,0.967877244706513,0.032122755293487,0.0,0.0,0.0
2372,0.0,0.0014285714285714286,0.010081632653061225,0.11004680916655707,0.8784429867518104
1120,0.004001263306324485,0.6591899644746825,0.33518680764959385,0.001604542966611932,1.7421602787456446e-05
1937,0.0,0.02585714285714286,0.021291049530179962,0.5973512268276846,0.35550058078499264
951,0.005714285714285714,0.06103199219081571,0.400522977429993,0.4631415063998792,0.06958923826502639
1903,0.0,0.0014285714285714286,0.0014285714285714286,0.03598214285714286,0.9611607142857143
2088,0.0014285714285714286,0.016190476190476193,0.05015238917895595,0.6036131754000179,0.32861538780197863
2221,0.011428571428571429,0.18284899749373434,0.4339905940741181,0.3148690511407902,0.056862785862785856
2890,0.22142857142857142,0.25457142857142856,0.2088095238095238,0.2806190476190476,0.03457142857142857
1533,0.005714285714285714,0.1689546049188906,0.38004382522239677,0.3445300366300366,0.10075724751439039
1571,0.045825850480160184,0.5262550649359758,0.3928294701382946,0.030709996218968486,0.004379618226600985
2287,0.0,0.0,0.004285714285714286,0.011428571428571429,0.9842857142857143
378,0.009112956810631229,0.12174022861656147,0.5836632487443825,0.2497519747593954,0.035731591069029484
2082,0.007142857142857143,0.07214285714285715,0.11681894129262549,0.5145163394458507,0.2893790049758095
1294,0.005714285714285714,0.08147619047619048,0.17844126043039085,0.4419313849422545,0.29243687843687843
1445,0.0,0.016615510925855753,0.09548907516790438,0.7284774919731677,0.15941792193307203
2263,0.06110601262516946,0.9357198995578856,0.0017455163883735312,0.0014285714285714286,0.0
2192,0.0,0.0014285714285714286,0.003720397249809014,0.48660508585938406,0.5082459454622356
247,0.015249063033696863,0.9351336401772192,0.04660217375422376,0.003015123034859877,0.0
1263,0.002857142857142857,0.03571428571428571,0.22284711016931424,0.6088379834921016,0.12974347776715547
2310,0.0,0.04266540803053408,0.8106145006177654,0.13808063556938782,0.008639455782312925
2602,0.0,0.14628344671201815,0.233349347512391,0.4674199268640262,0.15294727891156462
1040,0.0,0.0014285714285714286,0.0014285714285714286,0.028993155966840177,0.9681497011760171
1672,0.0074285714285714285,0.03435714285714286,0.10209706959706961,0.44717050576114736,0.4089467103560688
626,0.04185034013605442,0.4220952002187688,0.4382822418184476,0.0877722178267291,0.01
1635,0.9379606634181272,0.05983525494921974,0.002204081632653061,0.0,0.0
1052,0.9607142857142857,0.023571428571428573,0.014285714285714285,0.0014285714285714286,0.0
2334,0.9785365853658536,0.017177700348432055,0.002857142857142857,0.0014285714285714286,0.0
1069,0.7741870748299321,0.199812925170068,0.023142857142857142,0.002857142857142857,0.0
130,0.007142857142857143,0.018571428571428572,0.04285714285714286,0.2538940887940692,0.6775344826345023
2045,0.06904761904761905,0.4301360544217688,0.15921768707482994,0.21778911564625852,0.12380952380952381
2677,0.0,0.01,0.011428571428571429,0.26554501939781877,0.7130264091736098
1929,0.0,0.002857142857142857,0.016536392552169803,0.6109502262300175,0.36965623836066974
1530,0.004285714285714286,0.18550382359840487,0.3556256995151884,0.36026421369147354,0.09432054890921886
1361,0.004285714285714286,0.08314115646258503,0.23751852022860423,0.5400410284446664,0.13501358057843021
1698,0.1371517471441126,0.861234866242501,0.0016133866133866135,0.0,0.0
2643,0.0,0.0,0.004360902255639097,0.20869808937331658,0.7869410083710443
1832,0.5590168284096856,0.3893073474144903,0.04707264957264958,0.004603174603174603,0.0
163,0.0,0.016274509803921568,0.02502427548371821,0.7739666111468044,0.18473460356555582
839,0.03023620834284234,0.5191944861340897,0.39201818376470904,0.04261427586615557,0.015936845892203035
2928,0.002857142857142857,0.10196090747030595,0.5533865057836849,0.2745023484303571,0.06729309545850899
1359,0.0,0.004285714285714286,0.007142857142857143,0.13965780192222169,0.848913626649207
2600,0.0,0.01,0.06644522868435912,0.5536670268101112,0.3698877445055297
519,0.010890134000789739,0.5391163478651758,0.44777754528164393,0.002215972852390767,0.0
918,0.08974526369687659,0.44418138760880693,0.22432070319167094,0.17753561253561254,0.06421703296703297
2891,0.31718275147896985,0.6553197034574433,0.02319440917508495,0.002857142857142857,0.0014459930313588851
2289,0.0,0.0,0.0,0.030742206922929814,0.9692577930770702
516,0.007192118226600985,0.3161032118279036,0.5442905568794426,0.11955697020890986,0.012857142857142857
1554,0.0,0.005714285714285714,0.008642857142857143,0.18873994666851807,0.796902910474339
296,0.47332428373127006,0.43752019607158843,0.06766201370363512,0.018636363636363635,0.002857142857142857
1064,0.918266106442577,0.07887675070028012,0.0014285714285714286,0.0014285714285714286,0.0
728,0.024444444444444442,0.23449402352033932,0.3090528565002249,0.35034227051144345,0.08166640502354788
1195,0.0015384615384615385,0.060431283002711576,0.05671262413011182,0.7264101202212911,0.154907511107424
2768,0.0014285714285714286,0.012624472202674174,0.1089714521157092,0.7364583678872479,0.14051713636579735
546,0.004386491557223264,0.2829031240788002,0.6585353677228787,0.04988930235538406,0.004285714285714286
389,0.002857142857142857,0.01959471562919839,0.3608578725084362,0.470706976649142,0.14598329235608062
2526,0.002857142857142857,0.06042350754853996,0.5349725457439675,0.352538689304797,0.04920811454555297
2929,0.059843811105321346,0.7676671660127988,0.12903153988868274,0.04345748299319728,0.0
2550,0.0,0.009285714285714286,0.06037783021754429,0.7793540518179042,0.1509824036788374
2010,0.002857142857142857,0.005714285714285714,0.05009523809523809,0.4095247356512361,0.5318085976820972
1960,0.0,0.011428571428571429,0.05482395740905057,0.634159256363871,0.29958821479850717
2249,0.0,0.0014285714285714286,0.10481742436225104,0.821145475531955,0.072608528677223
81,0.0014285714285714286,0.037430953836452,0.5484040918862636,0.35940773927006947,0.05332864357864357
2581,0.0,0.01,0.09920029097420399,0.7253292996758784,0.16547040934991747
2729,0.0014285714285714286,0.007919254658385095,0.12333840325502536,0.6441150119058927,0.22319875875212547
466,0.0014285714285714286,0.03257226026511249,0.9237394798416749,0.04225968846464116,0.0
1750,0.0001958041958041958,0.2680617895139403,0.725334143268286,0.004979691593398314,0.0014285714285714286
610,0.0014285714285714286,0.04910915835857156,0.5004376995295827,0.4038904977182017,0.04513407296507293
2473,0.0014285714285714286,0.013536206896551726,0.17579266060901588,0.7344588531162779,0.07478370794958301
2395,0.9356972570799821,0.05715988577716067,0.0014285714285714286,0.005714285714285714,0.0
1435,0.007565934065934065,0.6371042254791283,0.3167132170092511,0.03574205898575646,0.0028745644599303135
2227,0.0032653061224489793,0.0389483855557727,0.32993546125218126,0.5101093795424154,0.11774146752718183
1244,0.0,0.0014285714285714286,0.006671447587355103,0.8297869408499052,0.16211304013416786
2877,0.0,0.025759637188208617,0.07338548367797137,0.7172593161740591,0.1835955629597606
238,0.004285714285714286,0.016095238095238093,0.10368682136123995,0.5211881521400589,0.35474407411774883
1601,0.0,0.012857142857142857,0.03364147307859314,0.5730178783680973,0.3804835056961668
1043,0.0,0.0,0.0,0.004495192307692308,0.9955048076923076
1768,0.030597001098725325,0.8756863625307673,0.08687990167662973,0.006836734693877551,0.0
1997,0.06142857142857143,0.3488958814877932,0.33589134109354707,0.19235563456151694,0.06142857142857143
2629,0.0,0.0,0.0033706294500172617,0.7676734139644835,0.22895595658549886
1905,0.006,0.18668623669037995,0.5359184295576352,0.25747620403113114,0.013919129720853858
1493,0.0023214285714285715,0.17422748806751773,0.764465189525986,0.05612875097792513,0.002857142857142857
1616,0.0,0.0422279575359762,0.8630363340667336,0.08330713696871855,0.011428571428571429
2022,0.0014285714285714286,0.22988435374149663,0.2268829096197109,0.4393545316713018,0.10244963353891927
737,0.0,0.0,0.002857142857142857,0.2305989692736976,0.7665438878691598
1862,0.03562904623231988,0.9148556309731352,0.03942814833666108,0.01008717445788384,0.0
682,0.0,0.0,0.0014285714285714286,0.24226848717789612,0.7563029413935325
1841,0.0,0.009398299958539592,0.6983672110804938,0.2893416318181095,0.0028928571428571428
129,0.0,0.0014285714285714286,0.007207792207792207,0.39837840886032005,0.5929852275033164
1909,0.002857142857142857,0.062030612244897955,0.46706053617388055,0.4185618908440973,0.049489817879981156
2000,0.005714285714285714,0.085,0.15404761904761904,0.5854064454064454,0.16983164983164983
1269,0.0014285714285714286,0.010638278388278388,0.14160963303432247,0.6377216828122939,0.20860183433653362
2759,0.6174039631094816,0.3691477610284494,0.010591133004926109,0.002857142857142857,0.0
2798,0.07388314099283269,0.7823367516492941,0.11519911706702005,0.028580990290853182,0.0
950,0.0,0.0,0.09939053450550743,0.5652308425156174,0.3353786229788751
837,0.009241293730424165,0.5398233664926969,0.41367218691716207,0.03099363041659328,0.006269522443123591
1966,0.0,0.041761904761904764,0.22917519574972986,0.6078873236633083,0.12117557582505682
2494,0.0,0.0014285714285714286,0.0016894436345966958,0.6746320075161392,0.3222499774206929
1317,0.0014285714285714286,0.03857142857142857,0.16336734693877553,0.4268084772370487,0.36982417582417576
1675,0.0,0.0,0.002857142857142857,0.021700680272108842,0.9754421768707484
2016,0.0,0.004285714285714286,0.011847826086956524,0.4012619561520501,0.5826045034752791
2273,0.014285714285714285,0.3346485260770975,0.28741950113378684,0.3126938775510204,0.05095238095238095
1060,0.915338570210693,0.08180428693216417,0.002857142857142857,0.0,0.0
1151,0.0,0.011428571428571429,0.04016483516483517,0.7035722530286775,0.24483434037791577
2212,0.002857142857142857,0.017142857142857144,0.1021908574541365,0.5695720521744136,0.30823709037145
681,0.0,0.0014285714285714286,0.037727075826568736,0.783555708352389,0.17728864439247058
1079,0.01992591828899396,0.49296205257548786,0.47158478364886386,0.014036609598152677,0.0014906358885017422
2619,0.0,0.030739229024943315,0.06349865735767991,0.6590210641310706,0.24674104948630596
2209,0.004285714285714286,0.1552878818193944,0.21642048707594927,0.5292316106618442,0.09477430615709782
908,0.0,0.007976190476190475,0.17285631331214038,0.5518726866535585,0.2672948095581105
532,0.0031224884954862073,0.46601216836502146,0.5156532937107375,0.015212049428754836,0.0
2197,0.0,0.0,0.0014718614718614719,0.07210818495325944,0.926419953574879
1097,0.00012987012987012987,0.0899573515841842,0.8691007495690095,0.03938345728836492,0.0014285714285714286
2876,0.0,0.0,0.0014285714285714286,0.1649514603613383,0.8336199682100903
2652,0.0,0.06388888888888888,0.09453902377815421,0.5755133473323227,0.2660587400006343
1995,0.007142857142857143,0.08071428571428571,0.07261904761904761,0.5012120898425245,0.3383117196812849
33,0.0,0.01696659397411277,0.12801494057881432,0.8201056114165718,0.03491285403050109
1057,0.9681794425087108,0.031820557491289196,0.0,0.0,0.0
1980,0.0,0.01,0.012040816326530613,0.3369820515037345,0.6409771321697347
322,0.0014285714285714286,0.04431229188372046,0.3318025341931215,0.5092391524082651,0.11321745008632157
2712,0.0,0.0014285714285714286,0.10815834869242753,0.7887018355754364,0.10171124430356486
1615,0.004256410256410256,0.30910362043521605,0.6613521382035301,0.025287831104843554,0.0
1062,0.8865151112691682,0.11205631730226051,0.0014285714285714286,0.0,0.0
321,0.8421768707482995,0.15639455782312925,0.0014285714285714286,0.0,0.0
477,0.0024460730780606556,0.16113102763512235,0.8033438699712425,0.033079029315574465,0.0
2191,0.0,0.002857142857142857,0.0031768707482993193,0.2993489946930722,0.6946169917014854
2226,0.07023663234040593,0.5078365881024237,0.24993413322459015,0.1445640749040088,0.027428571428571427
1632,0.06459677915581549,0.6592387140535652,0.154879419071321,0.11247556390977445,0.00880952380952381
1222,0.0,0.0,0.002857142857142857,0.0881951682065887,0.9089476889362684
234,0.04435732187611887,0.21409577108355307,0.2977657882623054,0.33543291142981546,0.10834820734820734
540,0.0,0.002857142857142857,0.02174238937885732,0.7008378769242345,0.2745625908397653
1270,0.0,0.02142857142857143,0.06489147688060731,0.7958573293314561,0.11782262235936496
1439,0.008288187001978134,0.6625976009436432,0.3232602506307251,0.00442538999508192,0.0014285714285714286
2569,0.0,0.0,0.0017285986327335186,0.6486901189907399,0.34958128237652686
143,0.0,0.004285714285714286,0.030251868971108046,0.7194181432266694,0.24604427351650787
505,0.01936417702785989,0.7131772143586844,0.2510985452410603,0.014931491943823778,0.0014285714285714286
2253,0.0,0.018571428571428572,0.06428571428571428,0.376884327866268,0.5402585292765891
1326,0.0,0.0014285714285714286,0.010285714285714285,0.43036266736386575,0.5579230469218485
731,0.0,0.02266666666666667,0.21978240608597746,0.4845458974965277,0.273005029750828
2501,0.8438654423757806,0.14613455762421929,0.004285714285714286,0.005714285714285714,0.0
2775,0.05615270905166312,0.8198260984046768,0.12096559406950202,0.0016270270455864225,0.0014285714285714286
818,0.8140051227808197,0.16170916293346604,0.02214285714285714,0.002142857142857143,0.0
2539,0.005714285714285714,0.02,0.07824927025901782,0.8206698959788514,0.07536654804784504
2046,0.0,0.0,0.0048253968253968256,0.36528962240744856,0.6298849807671545
442,0.7433129251700679,0.2428775510204082,0.013809523809523811,0.0,0.0
1343,0.0,0.004285714285714286,0.008571428571428572,0.18576131759470774,0.8013815395481494
1693,0.9906794425087109,0.00789198606271777,0.0014285714285714286,0.0,0.0
2153,0.06208208181786303,0.7318079481008418,0.19129431235478686,0.01479823612372086,1.7421602787456446e-05
2819,0.0,0.002857142857142857,0.01324098124098124,0.6582716765382154,0.32563019936366067
1888,0.0,0.006666666666666666,0.05788942010370582,0.6709148941038537,0.2645290191257735
436,0.7704445962190979,0.2209839752094737,0.002857142857142857,0.005714285714285714,0.0
2628,0.0,0.0014285714285714286,0.0025970243663067894,0.890531165195737,0.10544323900938433
915,0.0014285714285714286,0.13335374149659865,0.1650882450882451,0.5257212417196889,0.17440820026689594
2709,0.0,0.04672597224958544,0.4500939798698961,0.48119674957148084,0.021983298309037724
2014,0.0,0.0,0.00759578902960613,0.3627616053205362,0.6296426056498576
1505,0.0014285714285714286,0.004285714285714286,0.013170426065162905,0.21186705914227888,0.7692482290782724
1130,0.010046838407494145,0.6332572802975682,0.34316416723568444,0.010674571202110376,0.002857142857142857
2635,0.03,0.1340589569160998,0.1870579747050335,0.4367142008318479,0.21216886754701875
2599,0.0014285714285714286,0.005714285714285714,0.01,0.14603816183816185,0.836818981018981
1751,0.002987259419896991,0.03056134515732114,0.7687602866686314,0.19622682303986475,0.0014642857142857142
760,0.0,0.004285714285714286,0.06601741097116869,0.5739511873959613,0.35574568734715584
435,0.7780690640553285,0.20764522165895724,0.014285714285714285,0.0,0.0
2912,0.010714285714285714,0.09025061842918985,0.24601054104625536,0.6057513373192815,0.047273217490987535
1906,0.0,0.0,0.010851222424073154,0.7935007062733905,0.19564807130253647
657,0.0,0.007142857142857143,0.011428571428571429,0.24188537282688977,0.7395431986016816
7,0.0014661654135338347,0.15573175072771447,0.7903767949684712,0.05097929585892152,0.0014459930313588851
1248,0.01607142857142857,0.3389144193909448,0.30539097878140337,0.3079502759154688,0.03167289734075448
2919,0.0,0.0,0.0,0.007142857142857143,0.9928571428571429
685,0.0,0.017673992673992674,0.12377854486783059,0.6024844439145214,0.2560630185436555
486,0.0001301165627541339,0.043504449119299925,0.8305220249632153,0.11723626649758774,0.008607142857142858
461,0.039074407574476076,0.7456845966562623,0.21293386891048965,0.0008611338274128972,0.0014459930313588851
569,0.036883426917909676,0.4283775455079507,0.3606764214250674,0.16358641567288185,0.010476190476190477
65,0.7558178780284045,0.23418212197159566,0.007142857142857143,0.002857142857142857,0.0
2503,0.40557117350693994,0.5691227040440806,0.01816326530612245,0.007142857142857143,0.0
362,0.0,0.03342407905496268,0.47578650741910167,0.46902406081782333,0.021765352708112303
1945,0.21,0.2535,0.21292857142857144,0.2392857142857143,0.08428571428571428
2577,0.0014285714285714286,0.007216748768472907,0.19643974581715534,0.6913297551948819,0.10358517879091839
2211,0.014285714285714285,0.18850833511815518,0.41930991764714187,0.3300868340833381,0.047809198865650486
1206,0.0,0.0014285714285714286,0.0,0.23225030930177662,0.7663211192696523
2673,0.0014285714285714286,0.10390589569160998,0.2134263341700316,0.5122994944122886,0.16893970429749833
2089,0.02055669194507071,0.38061510715456287,0.41050028991566,0.1704416233592883,0.01788628762541806
395,0.0,0.007525510204081632,0.1028728952272339,0.6101439588115729,0.2794576357571118
455,0.020425817330603703,0.7432249314355731,0.22660338640705305,0.00972844322398275,1.7421602787456446e-05
1515,0.0017142857142857142,0.05204081632653061,0.103703231292517,0.43097441791708707,0.4115672487495795
488,0.0,0.05311549741950227,0.9139497305364453,0.03268267120371665,0.00025210084033613445
1345,0.011428571428571429,0.1912823129251701,0.19638449540655423,0.4173113959934841,0.18359322424622024
884,0.004285714285714286,0.03336734693877551,0.10575514679556032,0.37837375264177564,0.4782180393381743
2238,0.0,0.002857142857142857,0.010863095238095238,0.2916993315753559,0.6945804303294062
1659,0.009586466165413534,0.2750519752615929,0.5790407861202334,0.12463961303247022,0.011681159420289857
222,0.0,0.0014285714285714286,0.018763736263736265,0.8140641736267971,0.16574351868089499
2672,0.002857142857142857,0.20456211180124223,0.3689845908060194,0.31406863443664684,0.10952752009894866
218,0.0,0.0,0.24544862115209112,0.685217495404731,0.0693338834431782
777,0.002857142857142857,0.06199484024221655,0.4293357335710623,0.3939355169308648,0.11187676639871341
616,0.011428571428571429,0.11386702706160835,0.4531912506052642,0.3387901076642714,0.08272304324028462
2092,0.33809275184432747,0.571305496235689,0.06961844950810972,0.020983302411873843,0.0
2745,0.0014285714285714286,0.027142857142857142,0.11861072842653313,0.5754770422383488,0.2773408007636896
598,0.0014285714285714286,0.015879282692329254,0.639733409848641,0.31444755220692033,0.028511183823537983
160,0.26528312496169637,0.452763151128058,0.18623943819595995,0.08,0.015714285714285715
996,0.002857142857142857,0.04067874702467977,0.8983638204706758,0.04952886107607326,0.008571428571428572
2394,0.8983043924887026,0.10026703608272577,0.0014285714285714286,0.0,0.0
1183,0.3916327028015597,0.5151453530659272,0.06677585765194362,0.01623809523809524,0.010207991242474
483,0.05079530378566945,0.9096907264143376,0.039120383426303744,0.00037616477090161296,1.7421602787456446e-05
2872,0.0,0.0,0.00035124508519003935,0.25210903401052454,0.7475397209042854
432,0.9834067152359837,0.013736141906873615,0.0,0.002857142857142857,0.0
194,0.0,0.0,0.0,0.13388104081805705,0.8661189591819431
758,0.002857142857142857,0.004285714285714286,0.04336734693877551,0.5151089236387709,0.4343808722795964
2502,0.09938707288802535,0.8851914793603873,0.011118311863085381,0.004285714285714286,1.7421602787456446e-05
1782,0.6442284582028943,0.34291439893996284,0.012857142857142857,0.0,0.0
2390,0.6732563873892271,0.309871817738978,0.004014652014652015,0.011428571428571429,0.0014285714285714286
559,0.0,0.011428571428571429,0.00868131868131868,0.8148298076597534,0.16506030223035617
2818,0.0,0.01,0.03429622140252955,0.3756642013966688,0.5800395772008015
437,0.5841946637063041,0.4115196220079816,0.004285714285714286,0.0,0.0
2592,0.09714285714285714,0.425219298245614,0.24364149008885846,0.1944725449988608,0.039523809523809524
2181,0.7536029009304872,0.04782567049808429,0.1657142857142857,0.032857142857142856,0.0
326,0.0,0.0014285714285714286,0.008075187969924812,0.04129243404678945,0.9492038065547143
1226,0.008571428571428572,0.11928571428571429,0.307449752628324,0.5017995942516587,0.06289351026287429
2064,0.0,0.06219974196575182,0.237947071820037,0.6073508967747933,0.0925022894394177
2764,0.0014285714285714286,0.22033642944357235,0.3136752204621663,0.33219104724690374,0.13236873141878622
1036,0.0,0.0,0.0041516357835320195,0.6123341901432187,0.3835141740732493
64,0.04213974569393945,0.49453542433440906,0.4171704457929829,0.041832955607240256,0.0043214285714285715
445,0.2965238467887438,0.6855966995996554,0.01495737568952284,0.002922077922077922,0.0
197,0.0,0.0,0.04621255926613069,0.5540095963197363,0.399777844414133
642,0.0,0.0,0.016164819125231284,0.7996793700337614,0.184155810841007
1991,0.0,0.0014285714285714286,0.06402460690847418,0.7163520986772524,0.21819472298570214
823,0.0065179076432692615,0.733078528021098,0.25713638903826425,0.0032497536945812807,1.7421602787456446e-05
1634,0.06053991404250256,0.49376722510376575,0.4294010242716413,0.01629183658209061,0.0
1156,0.0014285714285714286,0.08960041778949343,0.2639734991802805,0.5380024380758245,0.10699507352583018
141,0.018571428571428572,0.17349876969672368,0.38107316900409693,0.4100462540308174,0.016810378696933317
1696,0.7163917208988858,0.27916383465666966,0.003015873015873016,0.0014285714285714286,0.0
2811,0.0030425948141187304,0.6522975209824856,0.33576984662594744,0.008890037577448398,0.0
2804,0.12764049814555414,0.8229310001103917,0.04732058190695217,0.0021079198371021326,0.0
2544,0.012967032967032967,0.19063521882279386,0.3500984543299416,0.38149815101570833,0.06480114286452318
2347,0.13825446798489588,0.5048310264263928,0.3140327043281507,0.03420048257924198,0.00868131868131868
1012,0.9332279942279943,0.06391486291486291,0.002857142857142857,0.0,0.0
132,0.0014285714285714286,0.0494675925925926,0.3433445767659175,0.5486490205325498,0.05711023868036881
922,0.0,0.012857142857142857,0.12340115844044418,0.5449432208908577,0.31879847781155507
16,0.03650119507262365,0.3966593920731741,0.4107581044687792,0.1327420226711374,0.02333928571428571
1574,0.4229422626150267,0.5704675004997056,0.005161665456696512,0.0014285714285714286,0.0
1044,0.0,0.0,0.0014285714285714286,0.005923763736263736,0.9926476648351648
1288,0.0943956043956044,0.39224725274725275,0.1794795918367347,0.25,0.08387755102040817
2487,0.002857142857142857,0.023226773226773228,0.10511570681644575,0.43258853338779457,0.4362118437118436
1568,0.0,0.07270399441828013,0.20451749107200232,0.5997034116480602,0.12307510286165747
1275,0.0,0.004285714285714286,0.008951072736787021,0.42662943241723467,0.5601337805602642
1460,0.3642974245598894,0.5784890318321999,0.04089596394446635,0.014889008234872896,0.0014285714285714286
2785,0.0,0.0014285714285714286,0.011102564102564102,0.4431672923884794,0.544301572080385
1519,0.005848214285714286,0.07240411681914145,0.2053412057628164,0.44209282550709766,0.2743136376252302
1669,0.0,0.0,5.4945054945054945e-05,0.4144338007818047,0.5855112541632504
1295,0.002857142857142857,0.02,0.08708791208791208,0.21206043956043957,0.6779945054945056
2579,0.0,0.011428571428571429,0.11857813838213793,0.7967849679423359,0.07320832224695477
1920,0.0,0.02060515873015873,0.14357144746010292,0.712735629237656,0.12308776457208215
1303,0.0,0.0,0.0,0.23007260662271553,0.7699273933772847
1761,0.9613678833060828,0.035604905809563506,0.0030272108843537415,0.0,0.0
857,0.005714285714285714,0.027142857142857142,0.19929731298981807,0.5422290852677082,0.22561645888533097
584,0.0014285714285714286,0.0233657157262634,0.4368576140047014,0.47395367385115217,0.06439442498931153
864,0.23710320166556545,0.7267091494748328,0.032854315526268676,0.003333333333333333,0.0
1132,0.0019333299647174098,0.48526158343014614,0.49598677917433975,0.016800885828009447,1.7421602787456446e-05
1813,0.08539083985897754,0.7888698212404128,0.10889301735410876,0.015355685657999182,0.0014906358885017422
1192,0.0,0.011889795918367346,0.3801312858564595,0.5452707041399039,0.06270821408526926
2748,0.026807885237006834,0.6527696473085016,0.30867889745668026,0.011743569997811778,0.0
1804,0.4855474300831444,0.430129941640739,0.06325119970468808,0.02107142857142857,0.0
1611,0.0015476190476190475,0.228046423589998,0.5057527689438929,0.2566880816861421,0.007965106732348112
444,0.35137299334904726,0.6357698637938098,0.012857142857142857,0.0,0.0
2379,0.959012775842044,0.03670150987224158,0.002857142857142857,0.0014285714285714286,0.0
1420,0.12893483319269586,0.8292537264082736,0.03960364819123842,0.0022077922077922076,0.0
1214,0.0,0.002857142857142857,0.04501377063321293,0.863685714532942,0.08844337197670259
2836,0.0,0.002857142857142857,0.007348997493734336,0.23929355683685297,0.7505003028122698
94,0.0007802197802197803,0.33349953765356855,0.4726976138412893,0.183005207122135,0.010017421602787456
1323,0.0,0.0,0.0058563471260063655,0.5273461939416058,0.46679745893238794
596,0.007495998399359744,0.4657653390437042,0.39726966956162724,0.12302197531676402,0.006447017678544773
1662,0.0,0.0014285714285714286,0.035982182566111146,0.44412287661828015,0.5184663693870373
398,0.0,0.004285714285714286,0.007483516483516484,0.5282850059265217,0.4599457633042476
631,0.004285714285714286,0.10664871494329649,0.3938061427914225,0.41454335207552095,0.08071607590404584
1367,0.0,0.002857142857142857,0.02035714285714286,0.3190097956255245,0.6577759186601898
139,0.05473394038660431,0.8483926822576467,0.09526807572175654,0.0015878800312046923,1.7421602787456446e-05
2051,0.0,0.0,0.0031517299286622905,0.6435559729569186,0.3532922971144192
2281,0.005714285714285714,0.16889058956916098,0.1785421998636284,0.5824447615876187,0.06440816326530611
714,0.0,0.0,0.008571428571428572,0.14857793112668963,0.842850640301882
2432,0.025714285714285714,0.15040362939545626,0.7710861614627534,0.04565306628464771,0.007142857142857143
151,0.0,0.0,0.02535029785879215,0.6622789582927916,0.312370743848416
1169,0.3360827825383027,0.45017413593265354,0.18377482756078978,0.022587301587301586,0.007380952380952381
1766,0.2639800502217006,0.7234566865017709,0.01249832821159352,6.493506493506494e-05,0.0
2516,0.14064870904807694,0.7578847648121781,0.0811755208487396,0.020052910052910055,0.0002380952380952381
548,0.0030676820398733637,0.17642380428369853,0.5972488208095607,0.21038512840693716,0.012874564459930312
125,0.018857142857142857,0.13071428571428573,0.16053571428571428,0.43719363197370725,0.25269922516914994
1121,0.02873146190219361,0.5415636667520575,0.428021516008865,0.0016833553368839718,0.0
2807,0.03179220853662577,0.6756289222671361,0.2662199250581847,0.0249303727094823,0.0014285714285714286
2202,0.0,0.019735581188997337,0.11191358311001172,0.5545016421046183,0.3138491935963727
2478,0.003042124542124542,0.14289040742892087,0.7935636826094882,0.05764664256232339,0.002857142857142857
1061,0.2862649660485795,0.670917837564669,0.03853148210103713,0.0014285714285714286,0.002857142857142857
2117,0.026142857142857138,0.41710270774976665,0.33890409497132185,0.18356462585034014,0.03428571428571429
1734,0.002857142857142857,0.02580576604171445,0.8924936658609347,0.07884342524020839,0.0
2284,0.0014285714285714286,0.003321988356471115,0.122582522740567,0.7423473444696145,0.1303195730047763
2852,0.0,0.01,0.023324016563147,0.3636020491087072,0.6030739343281459
701,0.0014285714285714286,0.03687755102040817,0.07591456110109361,0.620791535199598,0.2649877812503288
2264,0.0005842937550254623,0.08522110224828325,0.730309682620171,0.15854625279872125,0.025338668577799015
892,0.0,0.002857142857142857,0.028115264545366052,0.9430675447985545,0.025960047798936705
288,0.0,0.026142857142857138,0.15144658772599948,0.5508682657205818,0.2715422894105617
359,0.0,0.02434978110167896,0.5327127370061719,0.427605230809898,0.015332251082251084
2809,0.0,0.11381080727379751,0.8769171244408833,0.009272068285319854,0.0
2517,0.010203068820580342,0.08322291600723226,0.43949918123155485,0.4332546043717924,0.03382022956884023
2002,0.0,0.0014285714285714286,0.004662844401974837,0.24198978040255226,0.7519188037669017
796,0.0014285714285714286,0.016808390022675736,0.20608501063305595,0.5891337735046679,0.18654425441102893
2009,0.0,0.0014285714285714286,0.03727777777777778,0.3893072882980362,0.5719863624956144
1743,0.10856663118543367,0.6933243591109729,0.19504387560397674,0.0015873015873015873,0.001477832512315271
2463,0.10605023270544373,0.8880013100313615,0.00588201208047077,6.64451827242525e-05,0.0
1204,0.0,0.0,0.004010356348701761,0.3797040419663648,0.6162856016849335
694,0.0014285714285714286,0.060714285714285714,0.12383608058608059,0.5521791055105996,0.26184195676046274
1919,0.0,0.0014285714285714286,0.005016553794023167,0.9189773365112996,0.0745775382661054
734,0.0,0.004285714285714286,0.02857142857142857,0.3486145736875304,0.6185282834553268
1023,0.0014285714285714286,0.05430439261951868,0.4462513477287489,0.47644710402957674,0.021568584193584192
1352,0.004285714285714286,0.12103401360544218,0.18656179138321996,0.39708728969443247,0.29103119103119107
2908,0.0,0.0014285714285714286,0.03310924369747899,0.2273078154338659,0.7381543694400836
1964,0.0,0.002857142857142857,0.027241256909313692,0.759203170907768,0.21069842932577512
2923,0.0,0.03383429538732034,0.25682762529896386,0.6687866306670446,0.040551448646671324
2217,0.0,0.017226890756302522,0.03672351221190231,0.6130414940049715,0.33300810302682365
1293,0.0,0.030401785714285715,0.10300159419886017,0.5465712404766908,0.3200253796101636
2737,0.21296703296703298,0.5145054945054945,0.1392857142857143,0.11467032967032968,0.018571428571428572
795,0.0014285714285714286,0.030663509687774763,0.1433888623161704,0.6467996869333661,0.17771936963411752
738,0.0014285714285714286,0.0014285714285714286,0.002922077922077922,0.2037948128672469,0.7904259663535326
10,0.0,0.11051910605107947,0.8247680004015443,0.06328432211880487,0.0014285714285714286
1369,0.0014285714285714286,0.017142857142857144,0.032857142857142856,0.25460929692013656,0.6939621316512918
2348,0.0037238895558223298,0.3312134425275221,0.524071566245634,0.12623088994015233,0.01476021173086926
0,0.022976190476190473,0.27389117364117366,0.3216767898546979,0.34304706433344195,0.038408781694495985
525,0.11909528780477661,0.8688563802773365,0.009191189060744096,0.002857142857142857,0.0
360,0.0,0.04482772833778359,0.8644100340010921,0.08790509480398145,0.002857142857142857
2917,0.0,0.0014285714285714286,0.0,0.014589922272849101,0.9839815062985794
2915,0.0014285714285714286,0.0230806943467042,0.2376924758584608,0.665654410364495,0.07214384800176855
248,0.0,0.010489374044191318,0.11086371390976983,0.8490510541173475,0.02959585792869141
1089,0.005427947052947053,0.3051040503356766,0.658319494243957,0.02686279408170546,0.004285714285714286
2078,0.040751719066004784,0.6648266325923597,0.13623276089854638,0.14871391796811964,0.009474969474969475
1654,0.0014285714285714286,0.11953420831236786,0.6415725157751934,0.20848244491337253,0.028982259570494863
1882,0.0,0.004285714285714286,0.020201744394208108,0.7646424532415251,0.2108700880785522
836,0.0,0.01,0.024999293397674982,0.8687069789017056,0.0962937277006198
1046,0.0,0.0015037593984962405,0.06706693208518968,0.8574878240468465,0.07394148446946751
848,0.020637109091357353,0.8850576397930696,0.08820603854653233,0.006099212569040156,0.0
1577,0.0,0.0371302666739618,0.7156520193954109,0.203698372024586,0.04351934190604141
1490,0.0,0.001607843137254902,0.16652823676971462,0.7345919094599901,0.09727201063304021
2036,0.0,0.22513095238095238,0.11907566794833876,0.5376947402149266,0.11809863945578233
2344,0.15478684807256238,0.48749756989042703,0.2531829470518585,0.09453263498515214,0.01
2035,0.03857142857142857,0.23023809523809521,0.28052655677655675,0.34174450549450547,0.10891941391941393
1815,0.0014285714285714286,0.007142857142857143,0.09937737759135276,0.5103731797603037,0.3816780140769149
985,0.002857142857142857,0.07035277487656787,0.27846227394998035,0.5672795419562119,0.08104826636009711
447,0.8359523809523811,0.16119047619047622,0.002857142857142857,0.0,0.0
258,0.0015293487000804075,0.2904728232254282,0.6691721525151648,0.033111389845040896,0.005714285714285714
1986,0.0,0.04436734693877551,0.1289535275648721,0.4538059209413979,0.37287320455495465
1177,0.4374915400591239,0.4698799962497039,0.06258084464355321,0.02719047619047619,0.002857142857142857
558,0.0,0.0014285714285714286,0.08237870044323344,0.6222044748220914,0.29398825330610345
1614,0.22161877026672736,0.6061971637992067,0.14170787545787544,0.029047619047619044,0.0014285714285714286
1996,0.0,0.007619047619047619,0.09277463409606265,0.5224990806914278,0.3771072375934617
269,0.0,8.928571428571429e-05,0.007073051948051948,0.9889064383329089,0.003931224004753417
70,0.13391412335321295,0.7919247813556464,0.07044352550460513,0.003717569786535304,0.0
1436,9.523809523809524e-05,0.17953859588956592,0.7904908254538561,0.027732483418482872,0.002142857142857143
417,0.0,0.008571428571428572,0.019015984015984016,0.34174278237346384,0.6306698050391234
816,0.06357142857142856,0.8872857142857143,0.023000000000000003,0.024285714285714285,0.0018571428571428571
2373,0.0,0.008776486671223513,0.07228398094990882,0.7390549411727786,0.179884591206089
485,0.013951904718349777,0.8077349240315771,0.15431544034993272,0.023997730900140374,0.0
749,0.0014285714285714286,0.05468253968253969,0.0814933003504432,0.5978432521504821,0.2645523363879636
2247,0.001813186813186813,0.0784286836219899,0.566305732377022,0.31275393831707327,0.040698458870727774
111,0.16925850340136056,0.6831488749345892,0.10910055817198676,0.03706349206349206,0.0014285714285714286
50,7.326007326007326e-05,0.05463299631581484,0.6754965012354518,0.2697972423754736,0.0
1451,0.0,0.0,8.241758241758242e-05,0.4469134443983108,0.5530041380192717
2177,0.0,0.01017857142857143,0.17513180692074862,0.7368364985323043,0.0778531231183756
2509,0.0,0.0015632086167800452,0.18126670787932397,0.8157415120753247,0.0014285714285714286
1855,0.0176984126984127,0.31884581437561255,0.46533998315929354,0.15044232037892616,0.047673469387755095
743,0.0,0.0,0.0016975881261595547,0.21792930130526583,0.7803731105685746
1077,0.0,0.05190614522761921,0.5672804063807014,0.3808134483916797,0.0
2881,0.0014285714285714286,0.01,0.022681159420289854,0.3114739098174466,0.6544163593336921
797,0.0,0.0014285714285714286,0.0027682539682539684,0.3287407075980245,0.6670624670051504
51,0.002895752895752896,0.15257123146259582,0.773525674161656,0.06386448433713798,0.007142857142857143
103,0.0,0.019866487124885583,0.21986567026457157,0.7288392711819713,0.03142857142857143
1739,0.0,0.024261752161105165,0.8943126636131442,0.0799970127971794,0.0014285714285714286
2486,0.002857142857142857,0.08801587301587302,0.08450216450216451,0.6485653734666893,0.17605944615813038
612,0.0014285714285714286,0.10855820105820105,0.3931712110791875,0.44565728865623594,0.05118472777780415
137,0.09480155677655677,0.640287213787917,0.20782748684758182,0.04422659973080141,0.012857142857142857
753,0.0015873015873015873,0.04555555555555556,0.05836309523809524,0.4260094308068823,0.4684846168121653
2023,0.0,0.036222222222222225,0.08756349206349207,0.6244221778863376,0.2517921078279483
1403,0.005714285714285714,0.05305194805194806,0.3614959486277534,0.48671076132895646,0.0930270562770563
1857,0.04911701161454856,0.45641524463995786,0.36927968684115764,0.11449758071385978,0.010690476190476191
2434,0.12891199915019677,0.7216671105472181,0.13776143864313353,0.01023088023088023,0.0014285714285714286
86,0.0,0.0,4.0816326530612245e-05,0.34823141294864446,0.6517277707248251
861,0.0,0.0,0.04306751152073733,0.6720971184595411,0.28483537001972165
1274,0.0,0.0,0.010065530799475754,0.4888728301640544,0.5010616390364698
1827,0.2254141514980385,0.7303191745151711,0.04110639524114572,0.003142857142857143,1.7421602787456446e-05
842,0.006304547511999541,0.5588757579410044,0.3834932671419034,0.04704071311937853,0.004285714285714286
1335,0.0,0.005714285714285714,0.022857142857142857,0.19908303915971987,0.7723455322688515
2024,0.0014285714285714286,0.005844155844155844,0.03178915936019451,0.5968456607394101,0.36409245262766804
2354,0.017142857142857144,0.24516552812733636,0.5475163365584675,0.1681260170875954,0.022049261083743842
2052,0.004334975369458128,0.06527358169654668,0.18840722028624862,0.6442320942654883,0.09775212838225852
890,0.0,0.002857142857142857,0.1700692688943435,0.7363993677836301,0.09067422046488355
992,0.0,0.046917459653035336,0.8621249490715195,0.08420589059517293,0.006751700680272109
964,0.09777369230704333,0.6278981606935807,0.2348221946184234,0.02336309523809524,0.016142857142857143
619,0.0,0.0,0.012663373202278975,0.6325390894702285,0.35479753732749225
1318,0.014285714285714285,0.06285714285714286,0.17114285714285715,0.3856757575757576,0.36603852813852816
462,0.005615587614356087,0.3233055809785689,0.6559171211657295,0.015144288638557714,1.7421602787456446e-05
1824,0.0,0.0,0.02939861221974184,0.9051887179828436,0.06541266979741459
959,0.9609920634920636,0.03900793650793651,0.0,0.0,0.0
2683,0.0,0.0,0.0,0.03548075309897599,0.9645192469010241
2740,0.0,0.004285714285714286,0.0030131142350557243,0.8044473891097232,0.1882537823695073
2924,0.01,0.12437847866419297,0.24530763645670942,0.5372855523773432,0.08302833250175443
2746,0.016221155956179,0.230983682152447,0.5970369106420876,0.14861539410642943,0.007142857142857143
1539,0.15778596438575432,0.5401768928730614,0.19921332305538728,0.09518735046396218,0.007636469221835075
2642,0.0,0.0014285714285714286,0.03428571428571429,0.20769078144078143,0.7565949328449328
517,0.035977435004078046,0.5456712485158035,0.41317549684906574,0.005175819631052676,0.0
2166,0.0,0.01840271605037316,0.9295701031067259,0.037741466557186645,0.014285714285714285
858,0.0,0.004285714285714286,0.03819135751466579,0.6420810440072274,0.31544188419239305
1395,0.02,0.2170604269781288,0.38886650839641307,0.31859643807740295,0.05547662654805512
1780,0.9832722832722832,0.016727716727716727,0.0,0.0,0.0
1779,0.04390739013615685,0.9009719312935944,0.05495662514399997,0.0001640534262485482,0.0
2584,0.0,0.0014285714285714286,0.023885821449847428,0.734700262986467,0.23998534413511435
556,0.0,0.0,0.017857142857142856,0.7182866114959668,0.2638562456468902
2298,0.007142857142857143,0.12700680272108844,0.2568789158296547,0.3850428419169701,0.22392858238942953
919,0.004285714285714286,0.11333333333333334,0.217928231292517,0.47793444092423604,0.18651828016419938
1202,0.032857142857142856,0.08954234686401971,0.24162581246934614,0.4913136264452583,0.14466107136423295
2175,0.0,0.0032653061224489793,0.14806323248704809,0.7891843520766838,0.05948710931381944
1131,0.002857142857142857,0.024243697478991594,0.08092436974789916,0.5549350943644622,0.33703969555150437
745,0.0,0.007142857142857143,0.06687187666135035,0.6995275778580652,0.2264576883377273
754,0.0002380952380952381,0.061964285714285715,0.12755527210884354,0.46537089974214024,0.34487144719663515
66,0.07997243485617614,0.8815165268670324,0.03847189933354317,3.913894324853229e-05,0.0
1526,0.0,0.011758241758241757,0.10314229845784466,0.5609171897462079,0.32418227003770567
1391,0.0014285714285714286,0.07506500377928949,0.22621303093042217,0.5734426839651858,0.12385070989653103
1253,0.0014285714285714286,0.10629761904761904,0.1423678498567661,0.6528461524108077,0.09705980725623582
2121,0.004059881562410505,0.12670485827977473,0.602051493194903,0.26361233839148324,0.0035714285714285713
697,0.0,0.022857142857142857,0.09666666666666665,0.5179712284643159,0.3625049620118745
900,0.0014285714285714286,0.013659337925347775,0.18132408346894824,0.7300338717382229,0.07355413543890982
102,0.0,0.024994723354781253,0.5658049602827174,0.4092003163625014,0.0
509,0.1999810621401757,0.795191265532152,0.0048276723276723275,0.0,0.0
315,0.068207984207969,0.5858666260727863,0.3380417856847456,0.007883604034499175,0.0
431,0.9491715060007744,0.03654277971351142,0.004285714285714286,0.01,0.0
871,0.4103213414516661,0.5820666316863071,0.007612026862026862,0.0,0.0
2865,0.03892857142857143,0.22770238095238096,0.295762987012987,0.3909604204316284,0.04664564017443232
473,0.0,0.03109762364989076,0.49703843130325515,0.4604353736182826,0.011428571428571429
1592,0.005714285714285714,0.02857142857142857,0.13868475327295202,0.6980031160124859,0.1290264164288476
2669,0.0,0.007142857142857143,0.018571428571428572,0.13314501175697646,0.841140702528738
650,0.014664654594232057,0.11996150356133785,0.24893919898961916,0.42555738467022197,0.190877258184589
2738,0.007142857142857143,0.2620559143647814,0.4208167537619606,0.2749654087585346,0.03501906597186636
1671,0.0,0.0,0.0022104072398190047,0.4245917674199418,0.5731978253402393
775,0.0,0.0014285714285714286,0.017203076372249305,0.7995753467827582,0.18179300541642113
1111,0.1428977688977689,0.6813999370908237,0.14534515115426447,0.02892857142857143,0.0014285714285714286
1310,0.0,0.014285714285714285,0.033915816326530616,0.5502915938005009,0.40150687558725445
2662,0.0,0.11857142857142858,0.3139455782312925,0.3383126635269492,0.2291703296703297
1364,0.0,0.004285714285714286,0.017380952380952382,0.483799622632873,0.4945337107004603
634,0.0,0.0932299161566403,0.3562234570574472,0.4757655352680418,0.07478109151787071
2358,0.0,0.0006679594914889034,0.22190821592513227,0.7179450759169665,0.05947874866641245
2163,0.0030547553394678216,0.08795950733680397,0.8031175218790916,0.10583250115892201,3.571428571428572e-05
2307,0.03321428571428572,0.222708472124482,0.39625197457944805,0.3194491543682327,0.028376113213551636
1147,0.11683262162310695,0.5330646265530029,0.32037783593828606,0.02972491588560442,0.0
1694,0.6489155309610389,0.34679875475324673,0.002857142857142857,0.0014285714285714286,0.0
2397,0.9272334332334334,0.0641951381951382,0.008571428571428572,0.0,0.0
1974,0.0014285714285714286,0.005714285714285714,0.10498231079265562,0.5460775928853356,0.34179723917915167
1656,0.005714285714285714,0.12264285714285714,0.3482476184242436,0.3797086217641395,0.14368661695447407
2174,0.0,0.006071428571428571,0.22474938661851274,0.6806851180389722,0.08849406677108629
2851,0.0,0.017755102040816328,0.08031254862648872,0.5708575048283306,0.3310748445043647
1422,0.047226197706395315,0.47648882347512306,0.41337053535656304,0.06148587203334731,0.0014285714285714286
2875,0.0,0.0,0.0014285714285714286,0.026811001745484033,0.9717604268259444
145,0.004285714285714286,0.014829656724393568,0.31102976984289615,0.629314390863771,0.040540468283225155
703,0.0,0.0014285714285714286,0.02292857142857143,0.49591501433972707,0.47972784280313013
1922,0.0,0.02576190476190476,0.2605557539768719,0.6251706064027408,0.08851173485848235
994,0.001536388140161725,0.12447427626556512,0.8100817883861072,0.056728975779594557,0.007178571428571429
195,0.0,0.004285714285714286,0.015769230769230768,0.6188436213143838,0.3611014336306711
1291,0.002857142857142857,0.022857142857142857,0.09909600122100122,0.49704765849242666,0.3781420545722864
380,0.02371248726763433,0.2785310962331659,0.533929022986363,0.06571098826373438,0.09811640524910227
1680,0.0,0.014599462786209773,0.16438072455112043,0.5900730396289401,0.23094677303372954
295,0.1485487528344671,0.42575633681272773,0.20426633892423365,0.14285714285714285,0.07857142857142857
2697,0.0,0.0014285714285714286,0.002857142857142857,0.3703055491313723,0.6254087365829134
981,0.0,0.012857142857142857,0.09308590504404786,0.7007745331886696,0.19328241891013975
2187,0.0,0.002857142857142857,0.017142857142857144,0.1633074192147431,0.8166925807852571
2800,0.07089208995952694,0.7447025791131289,0.06717844017104156,0.10294117647058824,0.014285714285714285
1265,0.20578326668505242,0.46783065130386564,0.18424917724917728,0.09499404761904763,0.047142857142857146
231,0.0,0.01956351783137497,0.13807555115110387,0.5956261391274003,0.24673479189012093
179,0.002857142857142857,0.09022108843537414,0.27030158018151434,0.5305398239639317,0.10608036456203682
1987,0.0,0.0,0.004155844155844156,0.10494122571521106,0.890902930128945
1109,0.6153214842734857,0.3724719323555475,0.010778011942395504,0.0014285714285714286,0.0
1261,0.0014285714285714286,6.211180124223603e-05,0.11500485382784545,0.6899162027638054,0.19358826017853534
2524,0.03956462585034014,0.2921033715136158,0.5159526069168926,0.13605399889375455,0.016325396825396823
1468,0.0,8.928571428571429e-05,0.005572330447330447,0.9871333503098207,0.00720503352856294
2235,0.0,0.0,0.0014285714285714286,0.0939957903328612,0.9045756382385673
457,0.9202063412777699,0.07979365872223014,0.0,0.0,0.0
2382,0.956563492063492,0.03772222222222222,0.004285714285714286,0.0014285714285714286,0.0
2058,0.0,0.0,0.0034835164835164832,0.32205801802316636,0.674458465493317
2926,0.0,0.0014285714285714286,0.024754540268029566,0.869958968581387,0.10385791972201229
1188,0.004569287694287694,0.09910173576382375,0.5484866313315726,0.30147070959954986,0.04637163561076605
2067,0.005714285714285714,0.030746753246753248,0.1267555143269429,0.6325904186734117,0.20419302803860648
1196,0.002967032967032967,0.10709794966937823,0.09314119555868322,0.6330755460330584,0.1637182757718472
893,0.0,0.0014285714285714286,0.005714285714285714,0.1353656721192693,0.8574914707378737
639,0.0014285714285714286,0.08617455007081203,0.4880086849959823,0.3269520569810594,0.09743613652357495
2160,0.0,0.116608497268606,0.8389382166295166,0.0444532861018775,0.0
98,0.0,0.007905439660007766,0.6079506053654725,0.375572526403091,0.008571428571428572
1449,0.007285714285714285,0.10795435618732832,0.3846380810899465,0.39420217699948223,0.10591967143752858
1211,0.0,4.201680672268908e-05,0.1147800619692529,0.8292593602138714,0.05591856101015329
1900,0.0,0.005714285714285714,0.05439665744589756,0.6158460842294966,0.3240429726103203
515,0.024147048718477292,0.427662564696323,0.5285949945490748,0.015309677750410512,0.004285714285714286
870,0.04879414945398593,0.8089334444736889,0.1391499662245258,0.003060375387869017,6.206445993031358e-05
1239,0.0,0.007553410553410554,0.47133155294022655,0.46826576094280176,0.05284927556356129
1803,0.22586793167313288,0.7387198219179899,0.029697960694591425,0.005714285714285714,0.0
1586,0.1995810553007578,0.7812325319161554,0.01632926992594412,0.002857142857142857,0.0
1599,0.0,0.0036507936507936506,0.03803174603174603,0.142020757020757,0.8162967032967032
1370,0.0,0.01,0.06806984681984682,0.698653526812234,0.22327662636791923
2831,0.0,0.014253373341191344,0.0241934066883212,0.9615532199704874,0.0
2459,0.04356931579162468,0.8306635820641946,0.12267186404894245,0.0030952380952380958,0.0
1861,0.021538461538461538,0.4686220723720723,0.24545655138512273,0.24722815279958138,0.017154761904761905
1752,0.0009637210615471485,0.7549296285564463,0.24192347257583113,0.0007546063776040893,0.0014285714285714286
622,0.002857142857142857,0.06,0.10588569367140795,0.7724594793260208,0.05879768414542851
2534,0.0,0.016142857142857143,0.12108005587617872,0.8001994778676053,0.06257760911335906
2561,0.005714285714285714,0.12189115646258504,0.13838212526389868,0.6232849571246123,0.11072747543461828
1984,0.0,0.0,0.0005714285714285715,0.20904455688111265,0.790384014547459
2213,0.07285714285714286,0.3666921768707483,0.21095508658008658,0.28854321273964134,0.06095238095238096
1205,0.0,0.0,0.0,0.23834157346737705,0.7616584265326231
1785,0.1318414021494789,0.8622812194150028,0.004448807006946541,0.0014285714285714286,0.0
127,0.07321428571428572,0.31366836734693876,0.2967493815708102,0.2541298701298701,0.06223809523809523
2266,0.06857142857142857,0.5415537798360744,0.3536042861896211,0.034841933974304434,0.0014285714285714286
2222,0.05984353741496599,0.6069331065759637,0.19789868068439498,0.0996103896103896,0.03571428571428571
47,0.7202814576161872,0.27526276007088774,0.00445578231292517,0.0,0.0
522,0.025914920298928848,0.7806608536069736,0.18855779171546827,0.004866434378629501,0.0
2188,0.0,0.004285714285714286,0.03455473098330241,0.48878191498348056,0.4723776397475028
2230,0.3482696559392988,0.4046502736604481,0.1750436705690028,0.06759195538680589,0.0044444444444444444
2684,0.0,0.002857142857142857,0.010238095238095239,0.2775994773637408,0.7093052845410214
2321,0.173304110376545,0.5602452842389035,0.25048118182565415,0.015969423558897244,0.0
1764,0.935412800782745,0.06030148493154069,0.002857142857142857,0.0014285714285714286,0.0
2769,0.0014285714285714286,0.007142857142857143,0.08337838332582045,0.8398527906469235,0.06819739745582747
2054,0.0,0.0,0.006117511520737327,0.568924189511889,0.42495829896737375
2433,0.00022324699110413395,0.1078517697877335,0.8779732366399093,0.013951746581253468,0.0
1981,0.002857142857142857,0.03007936507936508,0.06723809523809525,0.48123258675500136,0.41859281007039556
912,0.005714285714285714,0.06808154597048324,0.15609065241845313,0.4983648105458559,0.2717487053509221
414,0.0,0.010285714285714285,0.10285686496820949,0.8709050397936952,0.015952380952380954
1951,0.0014285714285714286,0.0,0.0014285714285714286,0.040433114035087724,0.9567097431077694
1194,0.0,0.014725274725274724,0.0315116916180746,0.8257541558771101,0.12800887777954065
1884,0.0,0.0,0.005736607142857143,0.546637845698353,0.4476255471587895
2299,0.0,0.0,0.03291208791208791,0.6304460285452415,0.33664188354267044
2597,0.0,0.0,0.0028952380952380957,0.30865593424522125,0.6884488276595407
2076,0.0,0.005714285714285714,0.031006753506753505,0.4331326031748388,0.530146357604122
350,0.3330282627637912,0.6401055457803513,0.026223572659129175,0.0006426187967283858,0.0
2616,0.018571428571428572,0.14962745021365711,0.32968424760987175,0.32704785846583034,0.1750690151392122
1729,0.0,0.01312300725824989,0.975378580967022,0.011498411774728374,0.0
346,0.004285714285714286,0.06632511527105037,0.7720477648970765,0.15278188173663507,0.004559523809523809
2505,0.023779093976354037,0.5938438922739926,0.36127489868125945,0.02110211506839414,0.0
604,0.014285714285714285,0.13051020408163266,0.11210009366065267,0.6448258322652732,0.09827815570672714
2547,0.0,0.015455542180574587,0.5572993204750417,0.40111184290625973,0.026133294438124167
802,0.6525157699443414,0.3117699443413729,0.025714285714285714,0.01,0.0
2654,0.0,0.0014285714285714286,0.009704741718557786,0.34529556774041825,0.6435711191124528
1441,0.02066195212676743,0.7201662306270472,0.2550320062220116,0.0041398110241734985,0.0
944,0.6720625425383828,0.305133980515283,0.018517762660619805,0.004285714285714286,0.0
1767,0.9371428571428572,0.037142857142857144,0.02142857142857143,0.004285714285714286,0.0
913,0.0,0.047456632653061236,0.26888976954418126,0.5089164421346295,0.17473715566812809
1982,0.0,0.002857142857142857,0.012952380952380951,0.2536196022812204,0.7305708739092558
2792,0.07869863096592797,0.5789059989677712,0.28913349227060703,0.0475475920814083,0.005714285714285714
2428,0.29093894703029144,0.6263983073179029,0.07980560279466287,0.002857142857142857,0.0
2021,0.007142857142857143,0.13428571428571429,0.14954441391941392,0.5231007980115122,0.18592621664050235
675,0.0014285714285714286,0.025892857142857145,0.10538229987960294,0.6599392896115697,0.2073569819373991
2003,0.0,0.004285714285714286,0.0,0.1078747154569021,0.8878395702573839
2389,0.31340076093262415,0.6761339003467679,0.004751053006322327,0.005714285714285714,0.0
718,0.0014285714285714286,0.01904761904761905,0.06693609022556392,0.3689968540166007,0.5435908652816449
1187,0.004285714285714286,0.16158219765302761,0.5498651983380652,0.24482275804753414,0.039444131675658765
1480,0.004380952380952381,0.03665316693279046,0.918680980914893,0.0388563283427928,0.0014285714285714286
204,0.0,0.0,0.01301731601731602,0.2688507131058203,0.7181319708768635
2081,0.0,0.004285714285714286,0.012900432900432902,0.21750927952755242,0.7653045732863003
1389,0.0,0.005714285714285714,0.009331218671679199,0.8507489360809508,0.13420555953308436
1191,0.03629251700680272,0.6099236089307517,0.19713923338566197,0.1437874978196407,0.012857142857142857
2743,0.0,0.0,0.017493620844564243,0.5487927822081647,0.43371359694727096
2431,0.0030123626373626373,0.060478263252040115,0.9052702950491086,0.031239079061488987,0.0
1733,0.0029761904761904765,0.16828696531139975,0.6979172470376993,0.12125412098423445,0.00956547619047619
1977,0.0,0.0,0.020406936813186814,0.7162848705381905,0.26330819264862265
441,0.925869918699187,0.07270150987224157,0.0014285714285714286,0.0,0.0
2674,0.0,0.015317460317460318,0.025299319727891154,0.5072987780373862,0.45208444191726244
527,0.2367254185931241,0.7293242535142652,0.03239753286155489,0.0015527950310559005,0.0
2186,0.0,0.0014285714285714286,0.032857142857142856,0.45310328412870415,0.5126110015855815
2279,0.002857142857142857,0.017142857142857144,0.08412807678432678,0.8236746964209536,0.0721972267947195
2705,0.0,0.015532270226851505,0.33977319547074764,0.5914371648635098,0.05325736943889102
1091,0.10700724549819637,0.6469303034709835,0.2395531467811446,0.005036089963961769,0.0014732142857142858
63,0.486374569172845,0.503495560697285,0.004415584415584415,0.005714285714285714,0.0
2480,0.007575612430500797,0.33699692163782585,0.5778124861538395,0.07188327246076073,0.00573170731707317
1228,0.06942857142857144,0.3665387933052664,0.4123160202708817,0.1417166149952804,0.01
1462,0.36886489898690195,0.6108164196944167,0.01742185592185592,0.0028968253968253968,0.0
767,0.0,0.0,0.022000000000000002,0.2615863678086583,0.7164136321913416
402,0.0,0.0014285714285714286,0.0014285714285714286,0.024707441681125892,0.9724354154617314
943,0.0,0.0,4.329004329004329e-05,0.023308487048033472,0.9766482229086765
499,0.6058576160538235,0.3492614742689213,0.04059519539154091,0.004285714285714286,0.0
1958,0.0,0.09670314332629604,0.2605184758068137,0.5073598599017158,0.13541852096517412
302,0.0,0.0,0.002857142857142857,0.005953781512605043,0.991189075630252
782,0.03,0.3655153061224489,0.30296490291471256,0.2182975687406162,0.08322222222222223
126,0.0,0.0,0.020248600655430497,0.7441752629900297,0.2355761363545402
2030,0.012857142857142857,0.1380952380952381,0.20800516150516155,0.3622111133315889,0.27883134421086875
2661,0.0,0.0,0.02558742415885273,0.3938336939503492,0.5805788818907981
285,0.003142857142857143,0.03595238095238095,0.1130023964131107,0.4728979922080291,0.37500437328362196
1580,0.033876266515754386,0.553611127340198,0.34209096202488826,0.06542164411915934,0.005
561,0.0,0.0,0.010714285714285714,0.5150467428186359,0.4742389714670782
119,0.0,0.007142857142857143,0.028750567527927307,0.44914683272126055,0.514959742607955
2471,0.003430721290738838,0.4103994999425828,0.5753737372442537,0.009367470093853168,0.0014285714285714286
78,0.0,0.0014285714285714286,0.023571428571428573,0.45347701020161096,0.521522989798389
2658,0.005714285714285714,0.08142857142857143,0.10988445378151261,0.5099344534915415,0.2930382355840887
261,0.0,0.0,0.013329931972789113,0.5866584477279551,0.4000116202992558
2708,0.0,0.00047769621682665163,0.16751653231157182,0.7124739286738553,0.11953184279774644
876,0.08611844284362337,0.7678649383655775,0.14440336285487432,0.0016132559359249019,0.0
1558,0.0,0.0014285714285714286,0.002857142857142857,0.12003664357391539,0.8756776421403704
456,0.94488579171506,0.04939992257065428,0.002857142857142857,0.002857142857142857,0.0
2032,0.03857142857142857,0.3211586982619134,0.29816352911388533,0.2724226705833849,0.06968367346938777
2108,0.12068258711166469,0.8693703580974266,0.009947054790908613,0.0,0.0
2752,0.00217000548920073,0.1434925113616528,0.8152754826280663,0.039062000521079915,0.0
2255,0.14221822031685344,0.5940133537377897,0.2471938150822589,0.013672825148812193,0.0029017857142857144
2070,0.0,0.011428571428571429,0.028174494678254076,0.21485127245754926,0.7455456614356253
1602,0.0,0.0,0.0017142857142857142,0.688847868520275,0.309437845765439
176,0.0,0.005714285714285714,0.024523809523809524,0.4097535393154437,0.5600083654464609
2603,0.007142857142857143,0.03,0.03378571428571429,0.43905767006021196,0.4900137585112165
2837,0.0,0.010428571428571428,0.038000928426210376,0.5099282146211259,0.44164228552409224
1424,0.0691491845148058,0.9186932111847331,0.012157604300461443,0.0,0.0
925,0.041428571428571426,0.285969387755102,0.24297902494331067,0.3215498866213152,0.10807312925170068
1219,0.0,0.0,0.0,0.038658788479035595,0.9613412115209645
2093,0.5858492063492065,0.398436507936508,0.012857142857142857,0.002857142857142857,0.0
17,0.8401139663182345,0.13274317653890824,0.018571428571428572,0.004285714285714286,0.004285714285714286
500,0.7711240730310654,0.22411402220702956,0.004761904761904762,0.0,0.0
1552,0.004285714285714286,0.059673992673992676,0.13599314145742716,0.5923691229490102,0.2076780286338557
1806,0.0,0.004285714285714286,0.03315508021390374,0.6727779327237531,0.2897812727766288
2612,0.0,0.010464285714285714,0.13810053365422936,0.684569288434034,0.16686589219745065
400,0.0,0.0,0.006261427647982269,0.4442706564416268,0.549467915910391
609,0.002857142857142857,0.22115004915719197,0.4601520638092068,0.28965026798598226,0.026190476190476195
2376,0.0,0.005714285714285714,0.06926483681802831,0.6697634977756242,0.25525737969206175
2719,0.025714285714285714,0.37355937480449597,0.25921019747016294,0.2896999655404671,0.05181617647058825
1302,0.0,0.0,0.0017142857142857142,0.02600761692233283,0.9722780973633817
1651,0.0,0.012,0.3402170592776553,0.6073486411530278,0.04043429956931699
573,0.008859588686733274,0.5342484853616885,0.3453329238411377,0.10725586622193889,0.004303135888501742
1024,0.0016282497989815064,0.042623891169751814,0.20962579339282755,0.6908890303191118,0.05523303531932732
1278,0.0,0.012591836734693876,0.0537289987581341,0.7666707962519513,0.16700836825522075
1781,0.3772458839496053,0.6169848852811638,0.005769230769230769,0.0,0.0
178,0.0,0.0047619047619047615,0.025332508761080192,0.40146822083235406,0.5684373656446609
1119,0.053001729060760935,0.6344639889660254,0.30539799297485587,0.005707717569786536,0.0014285714285714286
2306,0.0014285714285714286,0.004285714285714286,0.10228739227133724,0.7397357025154165,0.15226261949896064
1095,0.0015178571428571428,0.011587650148016672,0.9191891934925573,0.06341958493085498,0.004285714285714286
1373,0.0014285714285714286,0.03857142857142857,0.15417259438254863,0.5291184284039369,0.27670897721351456
2470,0.0,0.008571428571428572,0.043646616541353385,0.6100313040637408,0.3377506508234771
403,0.0,0.0014285714285714286,0.08926286991281127,0.5429344549882051,0.36637410367041234
1942,0.0014285714285714286,0.06368820598006644,0.1293769200703537,0.42097323373793966,0.38453306878306875
2793,0.5600042690500451,0.4300750960293201,0.00992063492063492,0.0,0.0
755,0.0,0.002857142857142857,0.002857142857142857,0.20448673927755193,0.7897989750081623
1763,0.8986583380485819,0.08705594766570376,0.014285714285714285,0.0,0.0
2913,0.0,0.0,0.0,0.012170778351501243,0.9878292216484987
2717,0.017252747252747253,0.20279413641913638,0.19690906469873284,0.5424579710433028,0.04058608058608058
2119,0.007142857142857143,0.01,0.05607584772352228,0.8815765812164068,0.045204713917213916
2646,0.0,0.0,0.0,0.021699010636345953,0.9783009893636544
279,0.0,0.007192118226600985,0.23822840565605466,0.7054690760155155,0.04911040010182875
938,0.08434964073301396,0.5173947066179374,0.3058574095547568,0.08525538595143459,0.007142857142857143
2207,0.0,0.017142857142857144,0.10434685692458803,0.5812369601654055,0.29727332576714943
2623,0.0,0.0,0.003180153259541071,0.693575119225597,0.30324472751486153
2170,0.0,0.0,0.019234886145600427,0.6324342822299025,0.3483308316244971
1306,0.4486011904761905,0.33766865079365077,0.10087301587301588,0.09571428571428571,0.017142857142857144
1100,0.6256702335813321,0.36842914530065546,0.005900621118012422,0.0,0.0
2545,0.0,0.026075187969924807,0.2719258254031584,0.6285796133272913,0.07341937329962542
1843,0.0,0.021636307006946544,0.766387233804727,0.17054788775975505,0.041428571428571426
2727,0.08650085034013606,0.4880087160952147,0.20933715430422714,0.16410638526771532,0.0520468939927068
2784,0.0,0.002857142857142857,0.01312218700593073,0.6011060861327175,0.38291458400420886
1305,0.024285714285714285,0.09714285714285714,0.18,0.279275888133031,0.4192955404383976
1514,0.0,0.0,0.002857142857142857,0.05377030894388004,0.9433725481989771
1179,0.03781609065537637,0.4809692239148797,0.4229931656603148,0.05107866262657204,0.007142857142857143
90,0.035511907004067284,0.7749141574837844,0.1605854124073462,0.02755995167623074,0.0014285714285714286
469,0.060612339380196514,0.4712275495059961,0.45863711327830947,0.008094426406926408,0.0014285714285714286
2028,0.0,0.0019047619047619048,0.014285714285714285,0.1327093347955176,0.8511001890140062
1610,0.0,0.04008163265306122,0.20163870980641166,0.4007693486764589,0.35751030886406826
2562,0.004285714285714286,0.023673469387755098,0.26441509701446625,0.5510491147173744,0.15657660459468986
185,0.1392857142857143,0.2276105442176871,0.18863945578231292,0.31875,0.12571428571428572
2725,0.20001503759398498,0.4923673948661786,0.2503596310318999,0.048329365079365076,0.008928571428571428
704,0.0,0.011428571428571429,0.03152380952380952,0.23980288626023333,0.7172447327873855
2822,0.008433132183132184,0.4800672275205377,0.49037324605715615,0.016840679953459548,0.004285714285714286
1032,0.8150801233305655,0.1792055909551487,0.002857142857142857,0.002857142857142857,0.0
99,0.17221164880093454,0.6810628700327082,0.13445806957417614,0.010838840163609822,0.0014285714285714286
388,0.0,0.011049261083743843,0.3202182474586436,0.64142876900934,0.027303722448272838
762,0.002857142857142857,0.018174603174603173,0.6802599206349206,0.1753783376822103,0.123329995651123
1134,0.0,0.00845238095238095,0.09766806722689077,0.6420910178173833,0.2517885340033449
1312,0.0,0.07316326530612245,0.08087241330098474,0.48463518759598895,0.3613291337969038
2805,0.014655601948578028,0.6485284998422588,0.3329287552843013,0.0038697213220747688,1.7421602787456446e-05
1955,0.024424603174603172,0.38259085848511193,0.33359971513695635,0.23777768034618565,0.021607142857142856
2571,0.0,0.0061904761904761916,0.08239136901598908,0.6668113930528176,0.24460676174071697
1590,0.0,0.002857142857142857,0.028739495798319328,0.5401754607878162,0.42822790055672155
1992,0.0,0.004365079365079365,0.0057857142857142855,0.48419273943848856,0.5056564669107178
1622,0.00012987012987012987,0.17543643873761086,0.7845661257230271,0.03986756540949171,0.0
2627,0.0014285714285714286,0.012857142857142857,0.012857142857142857,0.5986759456567415,0.37418119720040116
2594,0.0,0.008571428571428572,0.0785349353112511,0.44373639814907384,0.46915723796824643
2069,0.0,0.023571428571428573,0.13602580466621753,0.769779323875448,0.07062344288690629
2537,0.0,0.0,0.0026515017627760187,0.7056539462966321,0.2916945519405918
788,0.004285714285714286,0.10043837632392401,0.4661766638909179,0.38164551231418375,0.04745373318526028
594,0.0014285714285714286,0.0711689227206034,0.44824635401169854,0.4114082890576504,0.06774786278147624
2481,0.00016127809898666405,0.07700771678201719,0.6287963195388664,0.27953157999006756,0.014503105590062113
564,0.03253072412496818,0.571108726606162,0.3761757661723035,0.01873879006520751,0.0014459930313588851
2795,0.22499579830233898,0.703221227948125,0.06886162929250289,0.0014927730284615651,0.0014285714285714286
2143,0.0,0.008571428571428572,0.02913636363636364,0.545109147432423,0.4171830603597848
2731,0.0546016147073478,0.426133279800621,0.4153734066813169,0.09039005677458954,0.013501642036124795
162,0.0014285714285714286,0.02996598639455782,0.10633560090702947,0.7642822979609275,0.09798754330891359
2525,0.12695960275356827,0.46272435614467644,0.2966691720977435,0.10353697889412175,0.010109890109890109
2905,0.00010582010582010581,0.03126399821245177,0.7146827030721024,0.24545026154098026,0.00849721706864564
1535,0.0,0.004285714285714286,0.05391968845509217,0.6161379678479506,0.3256566294112429
1565,0.12750721628905426,0.6655499155753083,0.1745966379769073,0.03234623015873016,0.0
495,0.920698457160642,0.0750158285536437,0.004285714285714286,0.0,0.0
1892,0.0014285714285714286,0.0720595084121151,0.39386533143947344,0.4372946147062655,0.09535197401357443
806,0.07100000000000001,0.2468482007295672,0.31982708271714483,0.23369206349206348,0.12863265306122448
1744,0.0014285714285714286,0.08363474918019631,0.5675105037198348,0.34599760424282605,0.0014285714285714286
1360,0.0,0.005714285714285714,0.10677124041105802,0.6873815548504936,0.20013291902416278
2704,0.0014285714285714286,0.040015126050420166,0.14543400814871402,0.6047650004569456,0.20835729391534885
526,0.0234594119815527,0.4296117024739614,0.49704842536795446,0.049844745890817124,3.571428571428572e-05
801,0.3001807279401491,0.5982794165367827,0.06853985552306786,0.020142857142857143,0.012857142857142857
1401,0.04915433673469388,0.3439404958785776,0.29613130775340224,0.1737858448328116,0.1369880148005148
82,0.0,0.0,0.010698051948051948,0.1901339572000214,0.7991679908519262
2362,0.0,0.0,0.00495666098607275,0.37992041863598647,0.6151229203779411
335,0.0,0.002857142857142857,0.063628757330438,0.8084335165163806,0.12508058329603874
2169,0.0,0.0,0.017465118671582104,0.6368628046387796,0.3456720766896381
1484,0.0,0.005714285714285714,0.032869047619047624,0.9614166666666667,0.0
1576,0.0,0.034931375375767355,0.7295317956449572,0.18827939183513884,0.04725743714413665
230,0.0,0.0014285714285714286,0.015714285714285715,0.09867707943983456,0.8841800634173084
667,0.0,0.004761904761904762,0.19067815913981231,0.5980102706327024,0.20654966546558054
1218,0.0,0.004285714285714286,0.022406452337989834,0.915133926122109,0.05817390725418698
1458,0.01899028785589563,0.9059729636835664,0.06972309023862804,0.005313658221909454,0.0
2482,0.0,0.01803540661623396,0.7092638252368023,0.2680650538612494,0.0046357142857142855
880,0.00021564288988747777,0.6038479861600214,0.39037643376824716,0.005542515579056721,1.7421602787456446e-05
2439,0.0,0.11346905318816924,0.8586625605817781,0.02720812212441074,0.0006602641056422569
2508,0.0,0.0060174030709745,0.16273460257200856,0.8298194229284455,0.0014285714285714286
46,0.9371428571428572,0.06,0.0014285714285714286,0.0,0.0014285714285714286
2322,0.5320250741322169,0.3930400025961487,0.049220637557348505,0.025714285714285714,0.0
1075,0.033491412348974466,0.823469809184799,0.14260662853621064,0.0003700854700854701,6.206445993031358e-05
493,8.403361344537815e-05,0.027647727272727272,0.534921392197865,0.39358061314972853,0.043766233766233766
267,0.05342593355643128,0.7290155735580321,0.16765088056656208,0.04419332660468907,0.005714285714285714
2493,0.0,0.0014285714285714286,0.011304589132501788,0.7616348419713428,0.22563199746758394
706,0.0014285714285714286,0.005714285714285714,0.08029942044080653,0.4784703019609243,0.43408742045541204
680,0.0,0.0,0.0059399811181726075,0.6103039634100992,0.3837560554717283
2878,0.0,0.008571428571428572,0.04039008193143531,0.4718375340565395,0.4792009554405967
678,0.0,0.005714285714285714,0.008571428571428572,0.050456248837048384,0.9352580368772375
1700,0.962287708186723,0.03771229181327703,0.0,0.0,0.0
1579,0.013435374149659864,0.324840154308091,0.5753208540647394,0.07987980795370016,0.006523809523809524
803,0.007065934065934065,0.37672300072447584,0.5826381442129835,0.032144349568035135,0.0014285714285714286
2922,0.002857142857142857,0.07411111111111111,0.10610416498615258,0.7705170339207607,0.04641054712483285
2855,0.0,0.024285714285714285,0.18436722930278832,0.5923749909568501,0.19897206545464713
1454,0.04899400215198822,0.9233308296241574,0.026246596795282684,0.0014285714285714286,0.0
14,0.11953388295151218,0.6392510756739583,0.18202754137452953,0.05342857142857143,0.005758928571428571
1277,0.0,0.014285714285714285,0.03428571428571429,0.6541381131283339,0.2972904583002373
1140,0.004598164789350019,0.29471914862382914,0.6577463765302972,0.0429188884537366,1.7421602787456446e-05
192,0.025714285714285714,0.3468095238095238,0.2876919191919192,0.26904834054834054,0.07073593073593074
643,0.0,0.004285714285714286,0.04552868294748349,0.6009507169156041,0.3492348858511984
2802,0.0,0.004375,0.01369642857142857,0.9765687759952466,0.005359795433324845
1901,0.0,0.0014285714285714286,0.007142857142857143,0.03571428571428571,0.9557142857142857
68,0.0,0.23260934880680834,0.7184837358528119,0.047478343911808246,0.0014285714285714286
1399,0.007043617446978792,0.4244314413791295,0.44701218710298957,0.10941751597566407,0.012095238095238095
492,0.021247030218670995,0.8833583983077077,0.07689925044431156,0.017066749600738024,0.0014285714285714286
1847,0.002857142857142857,0.025685701017995853,0.18747108928372325,0.7311289239839952,0.05285714285714286
712,0.0,0.01,0.055795068027210876,0.37275105219343424,0.5614538797793548
1035,0.0,0.0014285714285714286,0.004371173469387755,0.30466228370477894,0.689537971397262
2452,0.8159478880499749,0.17976639766431057,0.002857142857142857,0.0014285714285714286,0.0
1687,0.5546557955284044,0.4439156330430241,0.0014285714285714286,0.0,0.0
2101,0.011563940092165898,0.181815864494018,0.7692064062701367,0.03598521771510813,0.0014285714285714286
1309,0.0,0.013571428571428571,0.12547077922077923,0.4533152314004707,0.40764256080732153
1838,0.08633521738906821,0.6897081209908685,0.2027531006180126,0.02120356100205073,0.0
2659,0.022857142857142857,0.17545238095238094,0.29716666666666663,0.3672222222222222,0.1373015873015873
265,0.014561608920493843,0.8739138559060657,0.10264022857502866,0.0074557351698398555,0.0014285714285714286
2214,0.18293650793650792,0.47167394113822686,0.2093436325579182,0.11588718820861678,0.020158730158730157
881,0.005393370608261699,0.7879154862967802,0.20346015688321623,0.0017849931803827629,0.0014459930313588851
2371,0.0,0.0,0.0029323308270676695,0.010164835164835163,0.9869028340080971
2726,0.0,0.036349206349206346,0.18087043188518603,0.6586156373297808,0.12416472443582699
1561,0.5345862132562447,0.4328181020052133,0.025452827595684745,0.007142857142857143,0.0
2007,0.0,0.01457142857142857,0.04029036133847557,0.6218186630950651,0.3233195469950307
2565,0.0,0.025142857142857144,0.06160291692434549,0.8452567076103659,0.06799751832243121
2455,0.6931331745285527,0.29565934247825004,0.01120748299319728,0.0,0.0
1163,0.0,0.01883419709818141,0.3644563935150007,0.6138522665296752,0.002857142857142857
451,0.004245118029809353,0.49252360593775774,0.45671112714241263,0.04507415585866141,0.0014459930313588851
142,0.0,0.004285714285714286,0.07185499785499783,0.7222291133470501,0.20163017451223758
37,0.7439873797331602,0.2545840488382684,0.0014285714285714286,0.0,0.0
353,0.0015126050420168067,0.02266018989013966,0.7339674217037788,0.23021692622120776,0.011642857142857144
1790,0.4292809466115848,0.5661447877847378,0.004574265603677369,0.0,0.0
547,0.0014285714285714286,0.008571428571428572,0.17987983615053402,0.4986626904326406,0.3114574734168255
1347,0.02,0.14595238095238094,0.18775541125541126,0.4224024427952999,0.2238897649969078
2062,0.0,0.0147723344866202,0.31717273054501854,0.5868810744189711,0.08117386054939012
2134,0.0014285714285714286,0.0015873015873015873,0.04418260302248092,0.5657446020568355,0.38705692190481056
2050,0.0,0.0014285714285714286,0.041762096138898246,0.7533291419877077,0.2034801904448226
2904,0.027248677248677248,0.7441426642713843,0.16783076913961012,0.05220646076889947,0.008571428571428572
212,0.0,0.0,0.006,0.15176051145676336,0.8422394885432366
1890,0.0,0.026637291280148426,0.3204354610867744,0.537103898819786,0.11582334881329104
1231,0.023571428571428573,0.27700104641396256,0.42348037513299486,0.25063762607209017,0.025309523809523813
2049,0.005714285714285714,0.090543389150532,0.39059535309529936,0.3859591271867991,0.12718784485308368
2873,0.0,0.0014603174603174602,0.00835466325387938,0.7565995745577074,0.23358544472809578
1011,0.5992602022787822,0.38216836914978913,0.01,0.007142857142857143,0.0014285714285714286
2696,0.0,0.0,0.0,0.16098128995187816,0.8390187100481217
1362,0.0,0.01,0.04980281172029939,0.4123505337802334,0.5278466544994672
2462,0.02238173622722153,0.9117296109792317,0.0610698374625362,0.004818815331010453,0.0
2864,0.01,0.4179098639455782,0.2782049319727891,0.25619812925170066,0.03768707482993197
249,0.20237116814729617,0.7783500928729681,0.01927873897973566,0.0,0.0
2736,0.032857142857142856,0.2869387755102041,0.2947980828695114,0.3019226963512677,0.08348330241187384
1581,0.015956876456876455,0.23375891200301285,0.59968871559293,0.14339311499479973,0.007202380952380953
983,0.0,0.0014285714285714286,0.03314285714285714,0.27703747355693853,0.6883910978716328
392,0.0,0.03521978021978022,0.10036326966684109,0.6389194592314953,0.22549749088188345
1314,0.0014285714285714286,0.03197142857142857,0.04856969696969697,0.4440961511606673,0.4739341518696358
2780,0.2204467341482047,0.7508475271460565,0.02442002442002442,0.002857142857142857,0.0014285714285714286
1690,0.8959625850340136,0.1040374149659864,0.0,0.0,0.0
250,0.0002761266576133336,0.12223147111472285,0.814052084827258,0.06344031740040591,0.0
571,0.0,0.009684635016921505,0.9173825478267372,0.07293281715634126,0.0
603,0.004761904761904762,0.13907493300350443,0.20790367450010303,0.5846074256717113,0.06365206206277636
715,0.0,0.09142857142857143,0.1078968253968254,0.4099386056716884,0.3907359975029148
71,0.07279066923315573,0.6591049035930412,0.2315668286450588,0.02653759852874449,0.01
453,0.01470813933981342,0.39172006393276987,0.5490483189174689,0.04450605620716052,1.7421602787456446e-05
2755,0.015401554907097282,0.8081983865540899,0.17347897558950398,0.002921082949308756,0.0
1455,0.20888301797264283,0.7431060770506565,0.039414413748630445,0.007167919799498746,0.0014285714285714286
2895,0.003241758241758242,0.08261264445194448,0.34300754338298567,0.5429674190026764,0.028170634920634915
2777,0.029287170391812997,0.7513577075341386,0.2124026093429748,0.006935091128285876,1.7421602787456446e-05
2607,0.0,0.004238357011970205,0.22701714952546467,0.7523537914283767,0.016390702034188593
1979,0.0,0.0,0.0019242424242424242,0.25418541215334567,0.7438903454224118
2130,0.0030259473395361893,0.26696218319889914,0.7211648473077025,0.008829600551075,1.7421602787456446e-05
308,0.419022768681193,0.5605979323770083,0.018950727513227513,0.0014285714285714286,0.0
1065,0.38712640878370896,0.5997080955098116,0.004594067135050741,0.007142857142857143,0.0014285714285714286
1438,0.005408992865438858,0.35053958667668644,0.6040389945499226,0.03715528305080926,0.002857142857142857
1639,0.5193561035329551,0.4631559283677578,0.017487968099287016,0.0,0.0
316,0.0032313479810270568,0.16415639728832654,0.7624986047207503,0.07011365000989621,0.0
2444,0.5942359614712285,0.3931763880839781,0.011159079016221873,0.0014285714285714286,0.0
2637,0.0,0.01,0.027132727003845017,0.6534930013944602,0.3093742716016945
1908,0.0,0.0043596059113300495,0.04835692752193126,0.6794480471310173,0.2678354194357212
1137,0.0014634146341463415,0.10464186992340652,0.8775095649368463,0.01495657907702984,0.0014285714285714286
1868,0.04989108409134328,0.6900917693941006,0.2232096295048313,0.035378945581153357,0.0014285714285714286
1491,0.0,0.012857142857142857,0.03809920634920634,0.40315648142365995,0.5458871693699909
1600,0.0,0.0,0.0,0.02317077835150124,0.9768292216484987
1989,0.04875,0.23123607557431086,0.18963160727475498,0.39107869484731184,0.1393036223036223
1430,0.014642857142857143,0.4526442590297638,0.44330655913534006,0.08583489612061039,0.0035714285714285713
623,0.00619047619047619,0.09133536705494837,0.558582493856494,0.30916526901282076,0.03472639388526088
1625,0.03555050505050505,0.5666133129080152,0.32280936103639807,0.06788396386222474,0.007142857142857143
1808,0.0014285714285714286,0.01500612244897959,0.10920120072486747,0.8484789603961574,0.02588514500142407
1171,0.5096853237566276,0.4295406511060111,0.05774079841383618,0.003033226723525231,0.0
1947,0.0,0.0,0.0,0.07341577941200152,0.9265842205879985
2311,0.06858913676035526,0.7724584883652936,0.11172921456582482,0.045777167277167276,0.0014459930313588851
1560,0.7180787426081545,0.2662606375883686,0.01137490551776266,0.004285714285714286,0.0
1126,0.8227954189175417,0.17720458108245832,0.0,0.0,0.0
877,0.0,8.928571428571429e-05,0.0090254329004329,0.9862596129360836,0.004625668449197861
2,0.0014285714285714286,0.02,0.16169547357404504,0.6775018279933791,0.13937412700400442
957,0.727408472479901,0.2574894867037725,0.013673469387755101,0.0014285714285714286,0.0
911,0.02142857142857143,0.20023242630385488,0.2428341896199039,0.4247081068191403,0.11079670582852957
2336,0.6946621029896892,0.27072785840027225,0.027467181467181467,0.005714285714285714,0.0014285714285714286
381,0.0014285714285714286,0.06892474587486817,0.6553713124002015,0.16681294808602035,0.10746242221033851
1170,0.30003353331794813,0.548811367042302,0.13480758157562187,0.016302875206984795,4.464285714285714e-05
2489,0.0,0.02599225897255454,0.3057483016272724,0.6039594773706558,0.06429996202951727
940,0.008571428571428572,0.1067312925170068,0.1868706610849468,0.46411270277341715,0.23371391505320077
263,0.7776950853800673,0.21730491461993262,0.0035714285714285713,0.0014285714285714286,0.0
1259,0.0014285714285714286,0.008571428571428572,0.059948051948051945,0.35623979078811013,0.5738121572638379
1406,0.030634920634920633,0.3791099773242631,0.3196785714285714,0.19812755102040816,0.07244897959183674
42,0.7070013362943676,0.29012564783261646,0.002873015873015873,0.0,0.0
304,0.0,7.936507936507937e-05,0.005789473684210526,0.25634522259399883,0.7377859386424254
1755,0.0,0.014326690030694434,0.9726943006482975,0.012979009321008065,0.0
2645,0.0,0.0,0.0014285714285714286,0.2440729253018031,0.7544985032696253
2445,0.9683928571428572,0.015892857142857143,0.007142857142857143,0.008571428571428572,0.0
804,0.028926474672964657,0.695889698355176,0.2624553297756517,0.012728497196207571,0.0
1038,0.009073219107701867,0.19156603682751572,0.5913497746625943,0.20513640494225827,0.0028745644599303135
1531,0.002857142857142857,0.09124867724867725,0.2362595485949523,0.4861860759332804,0.1834485553659473
1049,0.0,0.0,0.00020450680272108844,0.3713191787967179,0.6284763144005611
969,0.0,0.0,0.026375028407677463,0.7520326077368571,0.2215923638554649
